time,despos1,desvel1,desacc1,iqcmd1,despos2,desvel2,desacc2,iqcmd2,actpos1,actvel1,actacc1,actfe1,actpos2,actvel2,actacc2,actfe2,actpos3,actvel3,actacc3,actfe3,actpos4,actvel4,actacc4,actfe4,nodeA,nodeB,nodeC,nodeD
0,0,0,0,0,0,0,0,0,6,0,0,-6,14.50390625,0,0,-14.50390625,0,0,0,0,0,0,0,0,0,0,0,0
0.00442,0,0,0,145.55566,0,0,0,0,6,0,0,-6,14.50390625,0,0,-14.50390625,0,0,0,0,0,0,0,0,0,0,0,0
0.00884,0,0,0,507.5607,0,0,0,0,6.5,113.122171945701,25593.2515714256,-6.5,14.50390625,0,0,-14.50390625,0,0,0,0,0,0,0,0,0,0,0,0
0.01326,0,0,0,863.30872,0,0,0,0,9.15234375,600.077771493213,110170.950123871,-9.15234375,14.50390625,0,0,-14.50390625,0,0,0,0,0,0,0,0,0,0,0,0
0.01768,0,0,0,1208.4142,0,0,0,0,15.27734375,1385.74660633484,177753.130054667,-15.27734375,14.50390625,0,0,-14.50390625,0,0,0,0,0,0,0,0,0,0,0,0
0.0221,0,0,0,1538.6229,0,0,0,0,26.02734375,2432.12669683258,236737.577035687,-26.02734375,14.50390625,0,0,-14.50390625,0,0,0,0,0,0,0,0,0,0,0,0
0.02652,0,0,0,1849.8641,0,0,0,0,42.1796875,3654.37641402715,276527.085338138,-42.1796875,14.50390625,0,0,-14.50390625,0,0,0,0,0,0,0,0,0,0,0,0
0.03094,0,0,0,2138.301,0,0,0,0,64.69921875,5094.91657239819,325914.062979873,-64.69921875,14.50390625,0,0,-14.50390625,0,0,0,0,0,0,0,0,0,0,0,0
0.03536,0,0,0,2400.3779,0,0,0,0,94.66796875,6780.26018099547,381299.458958662,-94.66796875,14.50390625,0,0,-14.50390625,0,0,0,0,0,0,0,0,0,0,0,0
0.03978,0,0,0,2632.8638,0,0,0,0,132.921875,8654.72992081448,424088.176429639,-132.921875,14.50390625,0,0,-14.50390625,0,0,0,0,0,0,0,0,0,0,0,0
0.0442,0,0,0,2832.8931,0,0,0,0,179.6640625,10575.1555429864,434485.43488053,-179.6640625,14.50390625,0,0,-14.50390625,0,0,0,0,0,0,0,0,0,0,0,0
0.04862,0,0,0,2997.9995,0,0,0,0,235.1015625,12542.4208144796,445082.640609324,-235.1015625,14.50390625,0,0,-14.50390625,0,0,0,0,0,0,0,0,0,0,0,0
0.05304,0,0,0,3126.1479,0,0,0,0,299.296875,14523.8263574661,448281.797055752,-299.296875,14.50390625,0,0,-14.50390625,0,0,0,0,0,0,0,0,0,0,0,0
0.05746,0,0,0,3215.7585,0,0,0,0,371.8984375,16425.6928733032,430286.542044594,-371.8984375,14.50390625,0,0,-14.50390625,0,0,0,0,0,0,0,0,0,0,0,0
0.06188,0,0,0,3265.7266,0,0,0,0,451.8359375,18085.407239819,375500.98789951,-451.8359375,14.50390625,0,0,-14.50390625,0,0,0,0,0,0,0,0,0,0,0,0
0.0663,0,0,0,3275.4363,0,0,0,0,538.1953125,19538.3201357466,328713.324870498,-538.1953125,14.50390625,0,0,-14.50390625,0,0,0,0,0,0,0,0,0,0,0,0
0.07072,0,0,0,3244.7676,0,0,0,0,630.0078125,20772.0588235294,279126.39995086,-630.0078125,14.50390625,0,0,-14.50390625,0,0,0,0,0,0,0,0,0,0,0,0
0.07514,0,0,0,3174.0989,0,0,0,0,726.0546875,21730.0622171946,216742.849245511,-726.0546875,14.50390625,0,0,-14.50390625,0,0,0,0,0,0,0,0,0,0,0,0
0.07956,0,0,0,3064.3013,0,0,0,0,826.8125,22795.8851809955,241136.417149526,-826.8125,14.50390625,0,0,-14.50390625,0,0,0,0,0,0,0,0,0,0,0,0
0.08398,0,0,0,2916.7283,0,0,0,0,931.3828125,23658.4417420814,195148.543232121,-931.3828125,14.50390625,0,0,-14.50390625,0,0,0,0,0,0,0,0,0,0,0,0
0.0884,0,0,0,2733.199,0,0,0,0,1038.0625,24135.6759049774,107971.530066952,-1038.0625,14.50390625,0,0,-14.50390625,0,0,0,0,0,0,0,0,0,0,0,0
0.09282,0,0,0,2515.9761,0,0,0,0,1144.90625,24172.7941176471,8397.78567187338,-1144.90625,14.50390625,0,0,-14.50390625,0,0,0,0,0,0,0,0,0,0,0,0
0.09724,0,0,0,2267.7373,0,0,0,0,1250.0703125,23792.774321267,-85977.3294977577,-1250.0703125,14.50390625,0,0,-14.50390625,0,0,0,0,0,0,0,0,0,0,0,0
0.10166,0,0,0,1991.5428,0,0,0,0,1351.828125,23022.1295248869,-174354.026330337,-1351.828125,14.50390625,0,0,-14.50390625,0,0,0,0,0,0,0,0,0,0,0,0
0.10608,0,0,0,1690.7975,0,0,0,0,1447.8984375,21735.3648190045,-291123.236624967,-1447.8984375,14.50390625,0,0,-14.50390625,0,0,0,0,0,0,0,0,0,0,0,0
0.1105,0,0,0,1369.2086,0,0,0,0,1536.1328125,19962.528280543,-401094.239470936,-1536.1328125,14.50390625,0,0,-14.50390625,0,0,0,0,0,0,0,0,0,0,0,0
0.11492,0,0,0,1030.7408,0,0,0,0,1614.3203125,17689.479638009,-514264.398763334,-1614.3203125,14.50390625,0,0,-14.50390625,0,0,0,0,0,0,0,0,0,0,0,0
0.11934,0,0,0,679.56641,0,0,0,0,1680.03125,14866.7279411765,-638631.60561823,-1680.03125,14.50390625,0,0,-14.50390625,0,0,0,0,0,0,0,0,0,0,0,0
0.12376,0,0,0,320.01465,0,0,0,0,1731.234375,11584.4174208145,-742604.190127147,-1731.234375,14.50390625,0,0,-14.50390625,0,0,0,0,0,0,0,0,0,0,0,0
0.12818,0,0,0,-43.482147,0,0,0,0,1766.12109375,7892.92279411765,-835179.779795663,-1766.12109375,14.50390625,0,0,-14.50390625,0,0,0,0,0,0,0,0,0,0,0,0
0.1326,0,0,0,-406.4429,0,0,0,0,1782.546875,3716.24010180995,-944950.835363731,-1782.546875,14.50390625,0,0,-14.50390625,0,0,0,0,0,0,0,0,0,0,0,0
0.13702,0,0,0,-764.39319,0,0,0,0,1779.85546875,-608.91544117647,-978541.978051227,-1779.85546875,14.50390625,0,0,-14.50390625,0,0,0,0,0,0,0,0,0,0,0,0
0.14144,0,0,0,-1112.9204,0,0,0,0,1756.8125,-5213.34134615385,-1041725.31786818,-1756.8125,14.50390625,0,0,-14.50390625,0,0,0,0,0,0,0,0,0,0,0,0
0.14586,0,0,0,-1447.7279,0,0,0,0,1713.17578125,-9872.56080316742,-1054122.04909809,-1713.17578125,14.50390625,0,0,-14.50390625,0,0,0,0,0,0,0,0,0,0,0,0
0.15028,0,0,0,-1764.6886,0,0,0,0,1648.37890625,-14659.9264705882,-1083114.40439385,-1648.37890625,14.50390625,0,0,-14.50390625,0,0,0,0,0,0,0,0,0,0,0,0
0.1547,0,0,0,-2059.8948,0,0,0,0,1561.54296875,-19646.1397058824,-1128102.54192175,-1561.54296875,14.50390625,0,0,-14.50390625,0,0,0,0,0,0,0,0,0,0,0,0
0.15912,0,0,0,-2329.7075,0,0,0,0,1453.35546875,-24476.8099547511,-1092911.82101104,-1453.35546875,14.50390625,0,0,-14.50390625,0,0,0,0,0,0,0,0,0,0,0,0
0.16354,0,0,0,-2570.8008,0,0,0,0,1324.08984375,-29245.6165158371,-1078915.51155791,-1324.08984375,14.50390625,0,0,-14.50390625,0,0,0,0,0,0,0,0,0,0,0,0
0.16796,0,0,0,-2780.2021,0,0,0,0,1174.24609375,-33901.3009049774,-1053322.25998649,-1174.24609375,14.50390625,0,0,-14.50390625,0,0,0,0,0,0,0,0,0,0,0,0
0.17238,0,0,0,-2955.3303,0,0,0,0,1005.10546875,-38267.1097285068,-987739.552834709,-1005.10546875,15.50390625,226.244343891403,51186.5031428513,-15.50390625,0,0,0,0,0,0,0,0,0,0,0,0
0.1768,0,0,0,-3094.0266,0,0,0,0,818.40234375,-42240.5260180995,-898962.961446325,-818.40234375,15.50390625,0,-51186.5031428513,-15.50390625,0,0,0,0,0,0,0,0,0,0,0,0
0.18122,0,0,0,-3194.5811,0,0,0,0,616.48046875,-45683.6821266968,-778994.594705268,-616.48046875,15.50390625,0,0,-15.50390625,0,0,0,0,0,0,0,0,0,0,0,0
0.18564,0,0,0,-3255.7539,0,0,0,0,401.74609375,-48582.4377828054,-655827.071517782,-401.74609375,15.50390625,0,0,-15.50390625,0,0,0,0,0,0,0,0,0,0,0,0
0.19006,0,0,0,-3276.7913,0,0,0,0,177.52734375,-50728.2239819004,-485471.990745479,-177.52734375,15.50390625,0,0,-15.50390625,0,0,0,0,0,0,0,0,0,0,0,0
0.19448,0,0,0,-3257.4338,0,0,0,0,-53.37890625,-52241.2330316742,-342309.739767818,53.37890625,15.50390625,0,0,-15.50390625,0,0,0,0,0,0,0,0,0,0,0,0
0.1989,0,0,0,-3197.9199,0,0,0,0,-289.22265625,-53358.314479638,-252733.35926783,289.22265625,15.50390625,0,0,-15.50390625,0,0,0,0,0,0,0,0,0,0,0,0
0.20332,0,0,0,-3098.9836,0,0,0,0,-526.78515625,-53747.1719457014,-87976.8022767751,526.78515625,15.50390625,0,0,-15.50390625,0,0,0,0,0,0,0,0,0,0,0,0
0.20774,0,0,0,-2961.8442,0,0,0,0,-764.47265625,-53775.4524886878,-6398.31289285607,764.47265625,15.50390625,0,0,-15.50390625,0,0,0,0,0,0,0,0,0,0,0,0
0.21216,0,0,0,-2788.1926,0,0,0,0,-998.5,-52947.3628393665,187350.599393951,998.5,14.50390625,-226.244343891403,-51186.5031428513,-14.50390625,0,0,0,0,0,0,0,0,0,0,0,0
0.21658,0,0,0,-2580.1694,0,0,0,0,-1226.58203125,-51602.2695135747,304319.756966484,1226.58203125,14.50390625,0,51186.5031428513,-14.50390625,0,0,0,0,0,0,0,0,0,0,0,0
0.221,0,0,0,-2340.3389,0,0,0,0,-1446.58203125,-49773.7556561086,413690.917978746,1446.58203125,14.50390625,0,0,-14.50390625,0,0,0,0,0,0,0,0,0,0,0,0
0.22542,0,0,0,-2071.6575,0,0,0,0,-1655.08203125,-47171.9457013575,588644.78614279,1655.08203125,14.50390625,0,0,-14.50390625,0,0,0,0,0,0,0,0,0,0,0,0
0.22984,0,0,0,-1777.4379,0,0,0,0,-1849.86328125,-44068.1561085973,702214.839990992,1849.86328125,14.50390625,0,0,-14.50390625,0,0,0,0,0,0,0,0,0,0,0,0
0.23426,0,0,0,-1461.3066,0,0,0,0,-2027.81640625,-40260.8880090498,861372.873200794,2027.81640625,14.50390625,0,0,-14.50390625,0,0,0,0,0,0,0,0,0,0,0,0
0.23868,0,0,0,-1127.161,0,0,0,0,-2187.09765625,-36036.4819004525,955747.988370427,2187.09765625,14.50390625,0,0,-14.50390625,0,0,0,0,0,0,0,0,0,0,0,0
0.2431,0,0,0,-779.12024,0,0,0,0,-2325.34765625,-31278.2805429864,1076516.14422309,2325.34765625,14.50390625,0,0,-14.50390625,0,0,0,0,0,0,0,0,0,0,0,0
0.24752,0,0,0,-421.47479,0,0,0,0,-2440.37890625,-26025.1696832579,1188486.61984808,2440.37890625,14.50390625,0,0,-14.50390625,0,0,0,0,0,0,0,0,0,0,0,0
0.25194,0,0,0,-58.633606,0,0,0,0,-2530.5,-20389.3877262443,1275063.79117954,2530.5,14.50390625,0,0,-14.50390625,0,0,0,0,0,0,0,0,0,0,0,0
0.25636,0,0,0,304.93039,0,0,0,0,-2594.16015625,-14402.7502828054,1354442.86050654,2594.16015625,14.50390625,0,0,-14.50390625,0,0,0,0,0,0,0,0,0,0,0,0
0.26078,0,0,0,664.73535,0,0,0,0,-2629.5859375,-8014.88263574661,1445218.92467394,2629.5859375,14.50390625,0,0,-14.50390625,0,0,0,0,0,0,0,0,0,0,0,0
0.2652,0,0,0,1016.3457,0,0,0,0,-2635.3828125,-1311.51018099547,1516600.10288487,2635.3828125,14.50390625,0,0,-14.50390625,0,0,0,0,0,0,0,0,0,0,0,0
0.26962,0,0,0,1355.427,0,0,0,0,-2610.91015625,5536.80005656109,1549391.45646076,2610.91015625,14.50390625,0,0,-14.50390625,0,0,0,0,0,0,0,0,0,0,0,0
0.27404,0,0,0,1677.7992,0,0,0,0,-2556.3984375,12332.9680429864,1537594.56706456,2556.3984375,14.50390625,0,0,-14.50390625,0,0,0,0,0,0,0,0,0,0,0,0
0.27846,0,0,0,1979.4882,0,0,0,0,-2472.140625,19062.8535067873,1522598.52122192,2472.140625,14.50390625,0,0,-14.50390625,0,0,0,0,0,0,0,0,0,0,0,0
0.28288,0,0,0,2256.7749,0,0,0,0,-2358,25823.6708144796,1529596.67594849,2358,14.50390625,0,0,-14.50390625,0,0,0,0,0,0,0,0,0,0,0,0
0.2873,0,0,0,2506.241,0,0,0,0,-2213.640625,32660.492081448,1546792.14184804,2213.640625,14.50390625,0,0,-14.50390625,0,0,0,0,0,0,0,0,0,0,0,0
0.29172,0,0,0,2724.8113,0,0,0,0,-2040.421875,39189.7624434389,1477210.48913822,2040.421875,14.50390625,0,0,-14.50390625,0,0,0,0,0,0,0,0,0,0,0,0
0.29614,0,0,0,2909.7913,0,0,0,0,-1839.5,45457.4377828054,1418026.0948793,1839.5,14.50390625,0,0,-14.50390625,0,0,0,0,0,0,0,0,0,0,0,0
0.30056,0,0,0,3058.9004,0,0,0,0,-1613.015625,51240.8088235294,1308454.98658914,1613.015625,14.50390625,0,0,-14.50390625,0,0,0,0,0,0,0,0,0,0,0,0
0.30498,0,0,0,3170.301,0,0,0,0,-1363.46875,56458.5690045249,1180488.72873201,1363.46875,14.50390625,0,0,-14.50390625,0,0,0,0,0,0,0,0,0,0,0,0
0.3094,0,0,0,3242.6194,0,0,0,0,-1094.03125,60958.7104072398,1018131.53907578,1094.03125,14.50390625,0,0,-14.50390625,0,0,0,0,0,0,0,0,0,0,0,0
0.31382,0,0,0,3274.9641,0,0,0,0,-808.09375,64691.742081448,844577.301857046,808.09375,14.50390625,0,0,-14.50390625,0,0,0,0,0,0,0,0,0,0,0,0
0.31824,0,0,0,3266.9363,0,0,0,0,-509.65625,67519.7963800905,639831.289285643,509.65625,13.9609375,-122.843608597285,-27792.671628345,-13.9609375,0,0,0,0,0,0,0,0,0,0,0,0
0.32266,0,0,0,3218.6353,0,0,0,0,-202.21875,69555.9954751131,460678.52828566,202.21875,13.91796875,-9.72143665158371,25593.2515714256,-13.91796875,0,0,0,0,0,0,0,0,0,0,0,0
0.32708,0,0,0,3130.6563,0,0,0,0,109.5625,70538.7443438914,222341.373026759,-109.5625,13.875,-9.72143665158371,0,-13.875,0,0,0,0,0,0,0,0,0,0,0,0
0.3315,0,0,0,3004.084,0,0,0,0,421.34375,70538.7443438914,0,-421.34375,13.83203125,-9.72143665158371,0,-13.83203125,0,0,0,0,0,0,0,0,0,0,0,0
0.33592,0,0,0,2840.4785,0,0,0,0,729.40625,69697.3981900452,-190349.808562475,-729.40625,14.50390625,152.007918552036,36590.3518560226,-14.50390625,0,0,0,0,0,0,0,0,0,0,0,0
0.34034,0,0,0,2641.8567,0,0,0,0,1030.5,68120.757918552,-356705.943776746,-1030.5,14.50390625,0,-34390.9317991032,-14.50390625,0,0,0,0,0,0,0,0,0,0,0,0
0.34476,0,0,0,2410.6675,0,0,0,0,1323.125,66204.7511312217,-433485.698491023,-1323.125,14.50390625,0,0,-14.50390625,0,0,0,0,0,0,0,0,0,0,0,0
0.34918,0,0,0,2149.7605,0,0,0,0,1603.53125,63440.3280542986,-625435.085276713,-1603.53125,14.50390625,0,0,-14.50390625,0,0,0,0,0,0,0,0,0,0,0,0
0.3536,0,0,0,1862.3521,0,0,0,0,1868.625,59975.9615384615,-783793.329374911,-1868.625,14.50390625,0,0,-14.50390625,0,0,0,0,0,0,0,0,0,0,0,0
0.35802,0,0,0,1551.9854,0,0,0,0,2115.96875,55960.1244343891,-908560.43078561,-2115.96875,14.50390625,0,0,-14.50390625,0,0,0,0,0,0,0,0,0,0,0,0
0.36244,0,0,0,1222.4866,0,0,0,0,2342.875,51336.2556561086,-1046124.15798202,-2342.875,14.50390625,0,0,-14.50390625,0,0,0,0,0,0,0,0,0,0,0,0
0.36686,0,0,0,877.91736,0,0,0,0,2546.140625,45987.6979638009,-1210080.92586147,-2546.140625,14.50390625,0,0,-14.50390625,0,0,0,0,0,0,0,0,0,0,0,0
0.37128,0,0,0,522.52563,0,0,0,0,2723.78125,40190.1866515837,-1311654.14303556,-2723.78125,14.50390625,0,0,-14.50390625,0,0,0,0,0,0,0,0,0,0,0,0
0.3757,0,0,0,160.69241,0,0,0,0,2873.671875,33911.9061085973,-1420425.46221412,-2873.671875,14.50390625,0,0,-14.50390625,0,0,0,0,0,0,0,0,0,0,0,0
0.38012,0,0,0,-203.12175,0,0,0,0,2993.609375,27135.1809954751,-1533195.72695072,-2993.609375,15.09765625,134.33257918552,30391.986241068,-15.09765625,0,0,0,0,0,0,0,0,0,0,0,0
0.38454,0,0,0,-564.43195,0,0,0,0,3081.2734375,19833.4983031674,-1651964.41002436,-3081.2734375,15.19921875,22.9779411764706,-25193.3570156221,-15.19921875,0,0,0,0,0,0,0,0,0,0,0,0
0.38896,0,0,0,-918.784,0,0,0,0,3134.9453125,12142.9581447964,-1739941.21230114,-3134.9453125,15.30078125,22.9779411764706,0,-15.30078125,0,0,0,0,0,0,0,0,0,0,0,0
0.39338,0,0,0,-1261.8097,0,0,0,0,3153.49609375,4197.00933257919,-1797725.97561475,-3153.49609375,15.40234375,22.9779411764706,0,-15.40234375,0,0,0,0,0,0,0,0,0,0,0,0
0.3978,0,0,0,-1589.2804,0,0,0,0,3133.984375,-4414.41600678733,-1948286.27587478,-3133.984375,15.50390625,22.9779411764706,0,-15.50390625,0,0,0,0,0,0,0,0,0,0,0,0
0.40222,0,0,0,-1897.1591,0,0,0,0,3079.5,-12326.7816742081,-1790127.97905448,-3079.5,15.60546875,22.9779411764706,0,-15.60546875,0,0,0,0,0,0,0,0,0,0,0,0
0.40664,0,0,0,-2181.6504,0,0,0,0,2988.27734375,-20638.6100113122,-1880504.14866608,-2988.27734375,15.70703125,22.9779411764706,0,-15.70703125,0,0,0,0,0,0,0,0,0,0,0,0
0.41106,0,0,0,-2439.2473,0,0,0,0,2861.41796875,-28701.2160633484,-1824119.01629778,-2861.41796875,15.80859375,22.9779411764706,0,-15.80859375,0,0,0,0,0,0,0,0,0,0,0,0
0.41548,0,0,0,-2666.7742,0,0,0,0,2699.35546875,-36665.7239819004,-1801924.86845069,-2699.35546875,15.91015625,22.9779411764706,0,-15.91015625,0,0,0,0,0,0,0,0,0,0,0,0
0.4199,0,0,0,-2861.4263,0,0,0,0,2503.37109375,-44340.3563348416,-1736342.16129891,-2503.37109375,16,20.3266402714932,-599.841833705289,-16,0,0,0,0,0,0,0,0,0,0,0,0
0.42432,0,0,0,-3020.8037,0,0,0,0,2276.15234375,-51406.9570135747,-1598778.43410249,-2276.15234375,16,0,-4598.78739174055,-16,0,0,0,0,0,0,0,0,0,0,0,0
0.42874,0,0,0,-3142.9421,0,0,0,0,2019.93359375,-57968.0429864253,-1484408.59114269,-2019.93359375,16,0,0,-16,0,0,0,0,0,0,0,0,0,0,0,0
0.43316,0,0,0,-3226.3357,0,0,0,0,1740.21484375,-63284.7850678733,-1202882.823857,-1740.21484375,16,0,0,-16,0,0,0,0,0,0,0,0,0,0,0,0
0.43758,0,0,0,-3269.9563,0,0,0,0,1439.08984375,-68127.8280542986,-1095711.08290166,-1439.08984375,16,0,0,-16,0,0,0,0,0,0,0,0,0,0,0,0
0.442,0,0,0,-3273.2664,0,0,0,0,1121.30859375,-71896.2104072398,-852575.192973116,-1121.30859375,16,0,0,-16,0,0,0,0,0,0,0,0,0,0,0,0
0.44642,0,0,0,-3236.2249,0,0,0,0,791.62109375,-74589.9321266968,-609439.303044576,-791.62109375,16,0,0,-16,0,0,0,0,0,0,0,0,0,0,0,0
0.45084,0,0,0,-3159.2888,0,0,0,0,455.80859375,-75975.6787330317,-313517.331749964,-455.80859375,16,0,0,-16,0,0,0,0,0,0,0,0,0,0,0,0
0.45526,0,0,0,-3043.4063,0,0,0,0,118.08984375,-76406.9570135747,-97574.2716160608,-118.08984375,16,0,0,-16,0,0,0,0,0,0,0,0,0,0,0,0
0.45968,0,0,0,-2890.0059,0,0,0,0,-217.03515625,-75820.1357466063,132764.992526771,217.03515625,16,0,0,-16,0,0,0,0,0,0,0,0,0,0,0,0
0.4641,0,0,0,-2700.9785,0,0,0,0,-545.72265625,-74363.6877828054,329513.113982106,545.72265625,16,0,0,-16,0,0,0,0,0,0,0,0,0,0,0,0
0.46852,0,0,0,-2478.655,0,0,0,0,-864.5,-72121.5709841629,507266.244036774,864.5,16,0,0,-16,0,0,0,0,0,0,0,0,0,0,0,0
0.47294,0,0,0,-2225.7754,0,0,0,0,-1170.19140625,-69160.9516402715,669823.380970903,1170.19140625,16,0,0,-16,0,0,0,0,0,0,0,0,0,0,0,0
0.47736,0,0,0,-1945.4576,0,0,0,0,-1459.53515625,-65462.3868778281,836779.358018878,1459.53515625,16,0,0,-16,0,0,0,0,0,0,0,0,0,0,0,0
0.48178,0,0,0,-1641.157,0,0,0,0,-1730.37890625,-61276.8665158371,946950.308142749,1730.37890625,16,0,0,-16,0,0,0,0,0,0,0,0,0,0,0,0
0.4862,0,0,0,-1316.6249,0,0,0,0,-1979.28515625,-56313.6312217195,1122903.9126963,1979.28515625,14.50390625,-338.482748868778,-76579.8074363752,-14.50390625,0,0,0,0,0,0,0,0,0,0,0,0
0.49062,0,0,0,-975.86194,0,0,0,0,-2205.03515625,-51074.6606334842,1185287.46340165,2205.03515625,14.50390625,0,76579.8074363752,-14.50390625,0,0,0,0,0,0,0,0,0,0,0,0
0.49504,0,0,0,-623.06903,0,0,0,0,-2405.00390625,-45241.7986425339,1319652.03415163,2405.00390625,14.50390625,0,0,-14.50390625,0,0,0,0,0,0,0,0,0,0,0,0
0.49946,0,0,0,-262.59518,0,0,0,0,-2577.16015625,-38949.3778280543,1423624.61866055,2577.16015625,13.84375,-149.356617647059,-33791.0899653979,-13.84375,0,0,0,0,0,0,0,0,0,0,0,0
0.50388,0,0,0,101.11584,0,0,0,0,-2720.17578125,-32356.4762443439,1491606.69314715,2720.17578125,13.5390625,-68.9338235294118,18195.2022890604,-13.5390625,0,0,0,0,0,0,0,0,0,0,0,0
0.5083,0,0,0,463.58035,0,0,0,0,-2833.09765625,-25547.935520362,1540393.82895518,2833.09765625,13.234375,-68.9338235294118,0,-13.234375,0,0,0,0,0,0,0,0,0,0,0,0
0.51272,0,0,0,820.33002,0,0,0,0,-2914.16796875,-18341.6996606335,1630370.10401097,2914.16796875,12.8203125,-93.6792986425339,-5598.52378124936,-12.8203125,0,0,0,0,0,0,0,0,0,0,0,0
0.51714,0,0,0,1166.967,0,0,0,0,-2961.01171875,-10598.1334841629,1751938.04897525,2961.01171875,12.48828125,-75.1201923076923,4198.89283593702,-12.48828125,0,0,0,0,0,0,0,0,0,0,0,0
0.52156,0,0,0,1499.2181,0,0,0,0,-2973.5,-2825.40299773756,1758536.309146,2973.5,12.15234375,-76.0039592760181,-199.947277901762,-12.15234375,0,0,0,0,0,0,0,0,0,0,0,0
0.52598,0,0,0,1812.9875,0,0,0,0,-2948.95703125,5552.70786199095,1895500.19450871,2948.95703125,12.00390625,-33.5831447963801,9597.46933928461,-12.00390625,0,0,0,0,0,0,0,0,0,0,0,0
0.5304,0,0,0,2104.4072,0,0,0,0,-2889.8203125,13379.3481334842,1770733.09309801,2889.8203125,12.00390625,0,7597.99656026699,-12.00390625,0,0,0,0,0,0,0,0,0,0,0,0
0.53482,0,0,0,2369.8848,0,0,0,0,-2796.4375,21127.3331447964,1752937.78536475,2796.4375,12.00390625,0,0,-12.00390625,0,0,0,0,0,0,0,0,0,0,0,0
0.53924,0,0,0,2606.1472,0,0,0,0,-2668.390625,28969.8812217195,1774332.14410024,2668.390625,12.00390625,0,0,-12.00390625,0,0,0,0,0,0,0,0,0,0,0,0
0.54366,0,0,0,2810.2822,0,0,0,0,-2506.375,36655.1187782805,1738741.52863373,2506.375,12.00390625,0,0,-12.00390625,0,0,0,0,0,0,0,0,0,0,0,0
0.54808,0,0,0,2979.7732,0,0,0,0,-2312.1875,43933.8235294118,1646765.78079892,2312.1875,12.00390625,0,0,-12.00390625,0,0,0,0,0,0,0,0,0,0,0,0
0.5525,0,0,0,3112.531,0,0,0,0,-2087.46875,50841.3461538461,1562787.92408018,2087.46875,12.00390625,0,0,-12.00390625,0,0,0,0,0,0,0,0,0,0,0,0
0.55692,0,0,0,3206.9187,0,0,0,0,-1835,57119.6266968326,1420425.46221412,1835,12.00390625,0,0,-12.00390625,0,0,0,0,0,0,0,0,0,0,0,0
0.56134,0,0,0,3261.7729,0,0,0,0,-1557.75,62726.2443438914,1268465.53100878,1557.75,12.00390625,0,0,-12.00390625,0,0,0,0,0,0,0,0,0,0,0,0
0.56576,0,0,0,3276.4175,0,0,0,0,-1259.625,67449.0950226244,1068518.25310702,1259.625,13.50390625,339.366515837104,76779.7547142769,-13.50390625,0,0,0,0,0,0,0,0,0,0,0,0
0.57018,0,0,0,3250.6716,0,0,0,0,-944.96875,71189.1968325792,846176.88008026,944.96875,13.50390625,0,-76779.7547142769,-13.50390625,0,0,0,0,0,0,0,0,0,0,0,0
0.5746,0,0,0,3184.853,0,0,0,0,-617.625,74059.6719457014,649428.758624926,617.625,13.50390625,0,0,-13.50390625,0,0,0,0,0,0,0,0,0,0,0,0
0.57902,0,0,0,3079.7727,0,0,0,0,-283.125,75678.7330316742,366303.413116029,283.125,13.50390625,0,0,-13.50390625,0,0,0,0,0,0,0,0,0,0,0,0
0.58344,0,0,0,2936.7263,0,0,0,0,54.6875,76428.1674208145,169555.291660694,-54.6875,13.50390625,0,0,-13.50390625,0,0,0,0,0,0,0,0,0,0,0,0
0.58786,0,0,0,2757.4773,0,0,0,0,390.5625,75989.8190045249,-99173.849839274,-390.5625,13.50390625,0,0,-13.50390625,0,0,0,0,0,0,0,0,0,0,0,0
0.59228,0,0,0,2544.2354,0,0,0,0,719.75,74476.8099547511,-342309.739767818,-719.75,13.50390625,0,0,-13.50390625,0,0,0,0,0,0,0,0,0,0,0,0
0.5967,0,0,0,2299.6289,0,0,0,0,1038.875,72200.2262443439,-515064.187874942,-1038.875,13.50390625,0,0,-13.50390625,0,0,0,0,0,0,0,0,0,0,0,0
0.60112,0,0,0,2026.6738,0,0,0,0,1346.09375,69506.5045248869,-609439.303044573,-1346.09375,13.50390625,0,0,-13.50390625,0,0,0,0,0,0,0,0,0,0,0,0
0.60554,0,0,0,1728.7347,0,0,0,0,1637.25,65872.4547511312,-822183.206732049,-1637.25,14.12109375,139.635180995475,31591.6699084785,-14.12109375,0,0,0,0,0,0,0,0,0,0,0,0
0.60996,0,0,0,1409.4845,0,0,0,0,1909.03125,61488.9705882353,-991738.498392743,-1909.03125,14.2421875,27.3967760180995,-25393.3042935239,-14.2421875,0,0,0,0,0,0,0,0,0,0,0,0
0.61438,0,0,0,1072.8588,0,0,0,0,2159.15625,56589.3665158371,-1108507.70868737,-2159.15625,14.3671875,28.2805429864253,199.947277901763,-14.3671875,0,0,0,0,0,0,0,0,0,0,0,0
0.6188,0,0,0,723.00732,0,0,0,0,2384.96875,51088.8009049774,-1244471.85766057,-2384.96875,14.48828125,27.3967760180995,-199.947277901763,-14.48828125,0,0,0,0,0,0,0,0,0,0,0,0
0.62322,0,0,0,364.24289,0,0,0,0,2583.25,44860.0113122172,-1409228.41465163,-2583.25,14.61328125,28.2805429864253,199.947277901763,-14.61328125,0,0,0,0,0,0,0,0,0,0,0,0
0.62764,0,0,0,0.98825955,0,0,0,0,2752.734375,38344.8812217195,-1474011.33269179,-2752.734375,14.734375,27.3967760180995,-199.947277901763,-14.734375,0,0,0,0,0,0,0,0,0,0,0,0
0.63206,0,0,0,-362.27856,0,0,0,0,2891.15625,31317.1662895928,-1589980.75387482,-2891.15625,15.09765625,82.1903280542986,12396.7312299093,-15.09765625,0,0,0,0,0,0,0,0,0,0,0,0
0.63648,0,0,0,-721.07941,0,0,0,0,2997.578125,24077.3472850679,-1637968.10057124,-2997.578125,15.25390625,35.3506787330317,-10597.2057287934,-15.25390625,0,0,0,0,0,0,0,0,0,0,0,0
0.6409,0,0,0,-1070.9911,0,0,0,0,3069.3828125,16245.4044117647,-1771932.77676542,-3069.3828125,15.41015625,35.3506787330317,0,-15.41015625,0,0,0,0,0,0,0,0,0,0,0,0
0.64532,0,0,0,-1407.7,0,0,0,0,3104.91015625,8037.86057692308,-1856910.36987367,-3104.91015625,15.56640625,35.3506787330317,0,-15.56640625,0,0,0,0,0,0,0,0,0,0,0,0
0.64974,0,0,0,-1727.0554,0,0,0,0,3102.80859375,-475.466628959276,-1926092.12802768,-3102.80859375,15.72265625,35.3506787330317,0,-15.72265625,0,0,0,0,0,0,0,0,0,0,0,0
0.65416,0,0,0,-2025.1204,0,0,0,0,3063.04296875,-8996.74773755656,-1927891.6535288,-3063.04296875,15.8828125,36.2344457013575,199.947277901763,-15.8828125,0,0,0,0,0,0,0,0,0,0,0,0
0.65858,0,0,0,-2298.2205,0,0,0,0,2988.09765625,-16955.9530542986,-1800725.18478328,-2988.09765625,16,26.5130090497738,-2199.42005691939,-16,0,0,0,0,0,0,0,0,0,0,0,0
0.663,0,0,0,-2542.9893,0,0,0,0,2875.94921875,-25372.9496606335,-1904297.87473639,-2875.94921875,16,0,-5998.41833705289,-16,0,0,0,0,0,0,0,0,0,0,0,0
0.66742,0,0,0,-2756.4092,0,0,0,0,2727.38671875,-33611.4253393665,-1863908.52460023,-2727.38671875,16,0,0,-16,0,0,0,0,0,0,0,0,0,0,0,0
0.67184,0,0,0,-2935.8491,0,0,0,0,2544.30859375,-41420.3902714932,-1766734.14753998,-2544.30859375,16,0,0,-16,0,0,0,0,0,0,0,0,0,0,0,0
0.67626,0,0,0,-3079.0972,0,0,0,0,2329.05859375,-48699.0950226244,-1646765.78079892,-2329.05859375,16,0,0,-16,0,0,0,0,0,0,0,0,0,0,0,0
0.68068,0,0,0,-3184.3875,0,0,0,0,2083.12109375,-55641.9683257919,-1570785.81519625,-2083.12109375,16,0,0,-16,0,0,0,0,0,0,0,0,0,0,0,0
0.6851,0,0,0,-3250.4219,0,0,0,0,1811.68359375,-61411.1990950226,-1305255.83014271,-1811.68359375,16,0,0,-16,0,0,0,0,0,0,0,0,0,0,0,0
0.68952,0,0,0,-3276.3867,0,0,0,0,1518.43359375,-66346.1538461538,-1116505.59980344,-1518.43359375,16,0,0,-16,0,0,0,0,0,0,0,0,0,0,0,0
0.69394,0,0,0,-3261.9614,0,0,0,0,1207.37109375,-70376.1312217195,-911759.587232037,-1207.37109375,16,0,0,-16,0,0,0,0,0,0,0,0,0,0,0,0
0.69836,0,0,0,-3207.3242,0,0,0,0,883.46484375,-73281.9570135747,-657426.649740998,-883.46484375,16,0,0,-16,0,0,0,0,0,0,0,0,0,0,0,0
0.70278,0,0,0,-3113.1484,0,0,0,0,552.68359375,-74837.386877828,-351907.2091071,-552.68359375,16,0,0,-16,0,0,0,0,0,0,0,0,0,0,0,0
0.7072,0,0,0,-2980.595,0,0,0,0,219.77734375,-75318.1561085973,-108771.31917856,-219.77734375,16,0,0,-16,0,0,0,0,0,0,0,0,0,0,0,0
0.71162,0,0,0,-2811.2981,0,0,0,0,-110.5,-74723.380938914,134564.518027886,110.5,16,0,0,-16,0,0,0,0,0,0,0,0,0,0,0,0
0.71604,0,0,0,-2607.3447,0,0,0,0,-434.78515625,-73367.6824095023,306719.124301304,434.78515625,16,0,0,-16,0,0,0,0,0,0,0,0,0,0,0,0
0.72046,0,0,0,-2371.2493,0,0,0,0,-748.62890625,-71005.3733031674,534459.073831412,748.62890625,16,0,0,-16,0,0,0,0,0,0,0,0,0,0,0,0
0.72488,0,0,0,-2105.9219,0,0,0,0,-1048.84765625,-67922.794117647,697416.105321351,1048.84765625,16,0,0,-16,0,0,0,0,0,0,0,0,0,0,0,0
0.7293,0,0,0,-1814.6337,0,0,0,0,-1333.06640625,-64302.8846153846,818984.05028562,1333.06640625,16,0,0,-16,0,0,0,0,0,0,0,0,0,0,0,0
0.73372,0,0,0,-1500.9755,0,0,0,0,-1598.34765625,-60018.3823529412,969344.403267745,1598.34765625,14.50390625,-338.482748868778,-76579.8074363752,-14.50390625,0,0,0,0,0,0,0,0,0,0,0,0
0.73814,0,0,0,-1168.8137,0,0,0,0,-1842.50390625,-55238.9705882353,1081314.87889273,1842.50390625,14.50390625,0,76579.8074363752,-14.50390625,0,0,0,0,0,0,0,0,0,0,0,0
0.74256,0,0,0,-822.24347,0,0,0,0,-2063.12890625,-49915.1583710407,1204482.40208022,2063.12890625,14.50390625,0,0,-14.50390625,0,0,0,0,0,0,0,0,0,0,0,0
0.74698,0,0,0,-465.5369,0,0,0,0,-2258.42578125,-44184.8133484163,1296458.14991503,2258.42578125,14.50390625,0,0,-14.50390625,0,0,0,0,0,0,0,0,0,0,0,0
0.7514,0,0,0,-103.0914,0,0,0,0,-2426.06640625,-37927.7432126697,1415626.72754448,2426.06640625,14.50390625,0,0,-14.50390625,0,0,0,0,0,0,0,0,0,0,0,0
0.75582,0,0,0,260.62497,0,0,0,0,-2564.97265625,-31426.7533936652,1470812.17624537,2564.97265625,13.8125,-156.426753393665,-35390.668188612,-13.8125,0,0,0,0,0,0,0,0,0,0,0,0
0.76024,0,0,0,621.12848,0,0,0,0,-2674.04296875,-24676.5412895928,1527197.30861366,2674.04296875,13.5859375,-51.2584841628959,23793.7260703098,-13.5859375,0,0,0,0,0,0,0,0,0,0,0,0
0.76466,0,0,0,973.97491,0,0,0,0,-2751.78515625,-17588.7302036199,1603577.16877214,2751.78515625,13.36328125,-50.3747171945701,199.947277901763,-13.36328125,0,0,0,0,0,0,0,0,0,0,0,0
0.76908,0,0,0,1314.8147,0,0,0,0,-2796.66015625,-10152.7149321267,1682356.39626543,2796.66015625,13.13671875,-51.2584841628959,-199.947277901763,-13.13671875,0,0,0,0,0,0,0,0,0,0,0,0
0.7735,0,0,0,1639.4459,0,0,0,0,-2807,-2339.33116515837,1767733.88392948,2807,12.90234375,-53.0260180995475,-399.894555803525,-12.90234375,0,0,0,0,0,0,0,0,0,0,0,0
0.77792,0,0,0,1943.8668,0,0,0,0,-2782.92578125,5446.65582579186,1761535.51831453,2782.92578125,12.671875,-52.1422511312217,199.947277901763,-12.671875,0,0,0,0,0,0,0,0,0,0,0,0
0.78234,0,0,0,2224.3245,0,0,0,0,-2724.25,13275.0636312217,1771132.98765382,2724.25,12.4453125,-51.2584841628959,199.947277901762,-12.4453125,0,0,0,0,0,0,0,0,0,0,0,0
0.78676,0,0,0,2477.3618,0,0,0,0,-2631.765625,20924.0667420814,1730543.69023976,2631.765625,12.21875,-51.2584841628959,0,-12.21875,0,0,0,0,0,0,0,0,0,0,0,0
0.79118,0,0,0,2699.8591,0,0,0,0,-2505.96875,28460.8314479638,1705150.38594623,2505.96875,12.00390625,-48.6071832579186,599.841833705289,-12.00390625,0,0,0,0,0,0,0,0,0,0,0,0
0.7956,0,0,0,2889.0737,0,0,0,0,-2347.390625,35877.4038461538,1677957.55615159,2347.390625,12.00390625,0,10997.100284597,-12.00390625,0,0,0,0,0,0,0,0,0,0,0,0
0.80002,0,0,0,3042.6731,0,0,0,0,-2157.03125,43067.7319004525,1626771.05300874,2157.03125,13.50390625,339.366515837104,76779.7547142769,-13.50390625,0,0,0,0,0,0,0,0,0,0,0,0
0.80444,0,0,0,3158.7637,0,0,0,0,-1937.15625,49745.4751131222,1510801.63182572,1937.15625,12.50390625,-226.244343891403,-127966.257857128,-12.50390625,0,0,0,0,0,0,0,0,0,0,0,0
0.80886,0,0,0,3235.9143,0,0,0,0,-1690.40625,55825.7918552036,1375637.27196413,1690.40625,12.50390625,0,51186.5031428513,-12.50390625,0,0,0,0,0,0,0,0,0,0,0,0
0.81328,0,0,0,3273.1741,0,0,0,0,-1420.125,61149.6040723982,1204482.40208022,1420.125,12.50390625,0,0,-12.50390625,0,0,0,0,0,0,0,0,0,0,0,0
0.8177,0,0,0,3270.0835,0,0,0,0,-1129.9375,65653.2805429864,1018931.32818738,1129.9375,13.50390625,226.244343891403,51186.5031428513,-13.50390625,0,0,0,0,0,0,0,0,0,0,0,0
0.82212,0,0,0,3226.6807,0,0,0,0,-824.03125,69209.5588235294,804587.846276694,824.03125,13.50390625,0,-51186.5031428513,-13.50390625,0,0,0,0,0,0,0,0,0,0,0,0
0.82654,0,0,0,3143.5007,0,0,0,0,-506.9375,71740.6674208145,572649.003910646,506.9375,13.50390625,0,0,-13.50390625,0,0,0,0,0,0,0,0,0,0,0,0
0.83096,0,0,0,3021.5691,0,0,0,0,-182.75,73345.5882352941,363104.256669602,182.75,13.50390625,0,0,-13.50390625,0,0,0,0,0,0,0,0,0,0,0,0
0.83538,0,0,0,2862.3887,0,0,0,0,143.8125,73882.9185520362,121567.944964272,-143.8125,13.50390625,0,0,-13.50390625,0,0,0,0,0,0,0,0,0,0,0,0
0.8398,0,0,0,2667.9221,0,0,0,0,468,73345.5882352941,-121567.944964272,-468,13.50390625,0,0,-13.50390625,0,0,0,0,0,0,0,0,0,0,0,0
0.84422,0,0,0,2440.5667,0,0,0,0,785.28125,71783.0882352941,-353506.787330317,-785.28125,13.50390625,0,0,-13.50390625,0,0,0,0,0,0,0,0,0,0,0,0
0.84864,0,0,0,2183.1248,0,0,0,0,1093.5,69732.7488687783,-463877.68473209,-1093.5,13.50390625,0,0,-13.50390625,0,0,0,0,0,0,0,0,0,0,0,0
0.85306,0,0,0,1898.7703,0,0,0,0,1389.78125,67031.9570135747,-611038.881267786,-1389.78125,13.50390625,0,0,-13.50390625,0,0,0,0,0,0,0,0,0,0,0,0
0.85748,0,0,0,1591.0085,0,0,0,0,1670.46875,63503.9592760181,-798189.533383838,-1670.46875,14.109375,136.983880090498,30991.8280747732,-14.109375,0,0,0,0,0,0,0,0,0,0,0,0
0.8619,0,0,0,1263.6335,0,0,0,0,1932.53125,59290.1583710407,-953348.621035605,-1932.53125,14.2265625,26.5130090497738,-24993.4097377204,-14.2265625,0,0,0,0,0,0,0,0,0,0,0,0
0.86632,0,0,0,920.68109,0,0,0,0,2173.5,54517.8167420814,-1079715.30066952,-2173.5,14.33984375,25.629242081448,-199.947277901763,-14.33984375,0,0,0,0,0,0,0,0,0,0,0,0
0.87074,0,0,0,566.37878,0,0,0,0,2390.59375,49116.2330316742,-1222077.76253557,-2390.59375,14.453125,25.629242081448,0,-14.453125,0,0,0,0,0,0,0,0,0,0,0,0
0.87516,0,0,0,205.09444,0,0,0,0,2580.921875,43060.6617647059,-1370038.74818288,-2580.921875,14.5703125,26.5130090497738,199.947277901763,-14.5703125,0,0,0,0,0,0,0,0,0,0,0,0
0.87958,0,0,0,-158.71825,0,0,0,0,2742.5,36556.1368778281,-1471611.96535697,-2742.5,15.08984375,117.54100678733,20594.5696238816,-15.08984375,0,0,0,0,0,0,0,0,0,0,0,0
0.884,0,0,0,-520.57434,0,0,0,0,2873.328125,29599.1233031674,-1573984.97164268,-2873.328125,15.2734375,41.5370475113122,-17195.4658995516,-15.2734375,0,0,0,0,0,0,0,0,0,0,0,0
0.88842,0,0,0,-876.01294,0,0,0,0,2971.75,22267.3925339367,-1658762.61747302,-2971.75,15.45703125,41.5370475113122,0,-15.45703125,0,0,0,0,0,0,0,0,0,0,0,0
0.89284,0,0,0,-1220.6525,0,0,0,0,3036.0234375,14541.5016968326,-1747939.10341721,-3036.0234375,15.640625,41.5370475113122,0,-15.640625,0,0,0,0,0,0,0,0,0,0,0,0
0.89726,0,0,0,-1550.2444,0,0,0,0,3063.796875,6283.58314479638,-1868307.36471407,-3063.796875,15.82421875,41.5370475113122,0,-15.82421875,0,0,0,0,0,0,0,0,0,0,0,0
0.90168,0,0,0,-1860.7255,0,0,0,0,3053.94140625,-2229.74406108597,-1926092.12802768,-3053.94140625,16,39.7695135746606,-399.894555803527,-16,0,0,0,0,0,0,0,0,0,0,0,0
0.9061,0,0,0,-2148.2683,0,0,0,0,3006.88671875,-10645.8569004525,-1904097.92745849,-3006.88671875,16,0,-8997.62750557933,-16,0,0,0,0,0,0,0,0,0,0,0,0
0.91052,0,0,0,-2409.3284,0,0,0,0,2924.66015625,-18603.2946832579,-1800325.29022747,-2924.66015625,16,0,0,-16,0,0,0,0,0,0,0,0,0,0,0,0
0.91494,0,0,0,-2640.687,0,0,0,0,2806.16796875,-26808.1872171946,-1856310.52803997,-2806.16796875,16,0,0,-16,0,0,0,0,0,0,0,0,0,0,0,0
0.91936,0,0,0,-2839.4924,0,0,0,0,2651.51171875,-34990.1018099548,-1851111.89881452,-2651.51171875,16,0,0,-16,0,0,0,0,0,0,0,0,0,0,0,0
0.92378,0,0,0,-3003.2939,0,0,0,0,2462.80859375,-42693.0147058824,-1742740.47419176,-2462.80859375,16,0,0,-16,0,0,0,0,0,0,0,0,0,0,0,0
0.9282,0,0,0,-3130.072,0,0,0,0,2242.30859375,-49886.8778280543,-1627570.84212035,-2242.30859375,16,0,0,-16,0,0,0,0,0,0,0,0,0,0,0,0
0.93262,0,0,0,-3218.2639,0,0,0,0,1993.21484375,-56356.0520361991,-1463614.0742409,-1993.21484375,16,0,0,-16,0,0,0,0,0,0,0,0,0,0,0,0
0.93704,0,0,0,-3266.7825,0,0,0,0,1719.62109375,-61899.0384615385,-1254069.32699986,-1719.62109375,16,0,0,-16,0,0,0,0,0,0,0,0,0,0,0,0
0.94146,0,0,0,-3275.0295,0,0,0,0,1424.77734375,-66706.7307692308,-1087713.19178559,-1424.77734375,16,0,0,-16,0,0,0,0,0,0,0,0,0,0,0,0
0.94588,0,0,0,-3242.9036,0,0,0,0,1113.5,-70424.7384049774,-841178.198132715,-1113.5,16,0,0,-16,0,0,0,0,0,0,0,0,0,0,0,0
0.9503,0,0,0,-3170.8003,0,0,0,0,790.83984375,-73000.0353506787,-582646.367805736,-790.83984375,16,0,0,-16,0,0,0,0,0,0,0,0,0,0,0,0
0.95472,0,0,0,-3059.6086,0,0,0,0,461.83984375,-74434.3891402715,-324514.432034564,-461.83984375,16,0,0,-16,0,0,0,0,0,0,0,0,0,0,0,0
0.95914,0,0,0,-2910.6995,0,0,0,0,131.87109375,-74653.5633484163,-49586.9249196354,-131.87109375,16,0,0,-16,0,0,0,0,0,0,0,0,0,0,0,0
0.96356,0,0,0,-2725.9087,0,0,0,0,-194.69140625,-73882.9185520362,174354.026330337,194.69140625,16,0,0,-16,0,0,0,0,0,0,0,0,0,0,0,0
0.96798,0,0,0,-2507.5139,0,0,0,0,-514.75390625,-72412.3303167421,332712.270428532,514.75390625,16,0,0,-16,0,0,0,0,0,0,0,0,0,0,0,0
0.9724,0,0,0,-2258.2075,0,0,0,0,-824.44140625,-70065.0452488688,531059.970107083,824.44140625,16,0,0,-16,0,0,0,0,0,0,0,0,0,0,0,0
0.97682,0,0,0,-1981.0629,0,0,0,0,-1120.16015625,-66904.6945701357,715011.465776703,1120.16015625,16,0,0,-16,0,0,0,0,0,0,0,0,0,0,0,0
0.98124,0,0,0,-1679.4967,0,0,0,0,-1399.12890625,-63115.1018099547,857373.927642761,1399.12890625,16,0,0,-16,0,0,0,0,0,0,0,0,0,0,0,0
0.98566,0,0,0,-1357.2263,0,0,0,0,-1658.69140625,-58724.5475113122,993338.076615957,1658.69140625,14.50390625,-338.482748868778,-76579.8074363752,-14.50390625,0,0,0,0,0,0,0,0,0,0,0,0
0.99008,0,0,0,-1018.2245,0,0,0,0,-1896.34765625,-53768.3823529412,1121304.33447309,1896.34765625,14.50390625,0,76579.8074363752,-14.50390625,0,0,0,0,0,0,0,0,0,0,0,0
0.9945,0,0,0,-666.67065,0,0,0,0,-2109.76953125,-48285.492081448,1240472.91210254,2109.76953125,14.50390625,0,0,-14.50390625,0,0,0,0,0,0,0,0,0,0,0,0
0.99892,0,0,0,-306.89828,0,0,0,0,-2297.28515625,-42424.3495475113,1326050.34704449,2297.28515625,14.50390625,0,0,-14.50390625,0,0,0,0,0,0,0,0,0,0,0,0
1.00334,0,0,0,56.657394,0,0,0,0,-2456.64453125,-36054.157239819,1441219.97911591,2456.64453125,13.95703125,-123.727375565611,-27992.6189062468,-13.95703125,0,0,0,0,0,0,0,0,0,0,0,0
1.00776,0,0,0,419.51462,0,0,0,0,-2586.67578125,-29418.834841629,1501204.16248644,2586.67578125,13.7265625,-52.1422511312217,16195.7295100428,-13.7265625,0,0,0,0,0,0,0,0,0,0,0,0
1.01218,0,0,0,777.20026,0,0,0,0,-2686.5,-22584.6648755656,1546192.30001433,2686.5,13.4921875,-53.0260180995475,-199.947277901763,-13.4921875,0,0,0,0,0,0,0,0,0,0,0,0
1.0166,0,0,0,1125.3049,0,0,0,0,-2754.546875,-15395.2205882353,1626571.10573084,2754.546875,13.26171875,-52.1422511312217,199.947277901763,-13.26171875,0,0,0,0,0,0,0,0,0,0,0,0
1.02102,0,0,0,1459.5372,0,0,0,0,-2788.99609375,-7793.94089366516,1719746.53723306,2788.99609375,13.03125,-52.1422511312217,0,-13.03125,0,0,0,0,0,0,0,0,0,0,0,0
1.02544,0,0,0,1775.777,0,0,0,0,-2788.8671875,29.1643099547511,1769933.3039864,2788.8671875,13.00390625,-6.18636877828054,10397.2584508917,-13.00390625,0,0,0,0,0,0,0,0,0,0,0,0
1.02986,0,0,0,2070.1257,0,0,0,0,-2753.74609375,7945.94881221719,1791127.71544399,2753.74609375,13.00390625,0,1399.63094531234,-13.00390625,0,0,0,0,0,0,0,0,0,0,0,0
1.03428,0,0,0,2338.9551,0,0,0,0,-2684.296875,15712.4929298643,1757136.67820069,2684.296875,13.00390625,0,0,-13.00390625,0,0,0,0,0,0,0,0,0,0,0,0
1.0387,0,0,0,2578.9504,0,0,0,0,-2581.546875,23246.6063348416,1704550.54411253,2581.546875,13.00390625,0,0,-13.00390625,0,0,0,0,0,0,0,0,0,0,0,0
1.04312,0,0,0,2787.1538,0,0,0,0,-2445.171875,30854.07239819,1721146.16817837,2445.171875,13.00390625,0,0,-13.00390625,0,0,0,0,0,0,0,0,0,0,0,0
1.04754,0,0,0,2960.9983,0,0,0,0,-2276.140625,38242.3642533937,1671559.24325874,2276.140625,13.00390625,0,0,-13.00390625,0,0,0,0,0,0,0,0,0,0,0,0
1.05196,0,0,0,3098.3408,0,0,0,0,-2076.25,45224.1233031674,1579583.49542393,2076.25,13.00390625,0,0,-13.00390625,0,0,0,0,0,0,0,0,0,0,0,0
1.05638,0,0,0,3197.4883,0,0,0,0,-1847.59375,51732.1832579186,1472411.75446858,1847.59375,13.00390625,0,0,-13.00390625,0,0,0,0,0,0,0,0,0,0,0,0
1.0608,0,0,0,3257.2185,0,0,0,0,-1593.28125,57536.7647058824,1313253.72125878,1593.28125,13.00390625,0,0,-13.00390625,0,0,0,0,0,0,0,0,0,0,0,0
1.06522,0,0,0,3276.7952,0,0,0,0,-1316.34375,62655.5429864253,1158094.63360701,1316.34375,13.00390625,0,0,-13.00390625,0,0,0,0,0,0,0,0,0,0,0,0
1.06964,0,0,0,3255.9768,0,0,0,0,-1021.125,66791.57239819,935753.260580249,1021.125,13.00390625,0,0,-13.00390625,0,0,0,0,0,0,0,0,0,0,0,0
1.07406,0,0,0,3195.0203,0,0,0,0,-711.5625,70036.7647058824,734206.404455274,711.5625,13.00390625,0,0,-13.00390625,0,0,0,0,0,0,0,0,0,0,0,0
1.07848,0,0,0,3094.677,0,0,0,0,-392.65625,72150.7352941176,478273.888741015,392.65625,13.00390625,0,0,-13.00390625,0,0,0,0,0,0,0,0,0,0,0,0
1.0829,0,0,0,2956.1836,0,0,0,0,-68.15625,73416.2895927602,286324.501955326,68.15625,13.00390625,0,0,-13.00390625,0,0,0,0,0,0,0,0,0,0,0,0
1.08732,0,0,0,2781.2478,0,0,0,0,256.5625,73465.7805429864,11197.0475624989,-256.5625,13.00390625,0,0,-13.00390625,0,0,0,0,0,0,0,0,0,0,0,0
1.09174,0,0,0,2572.0259,0,0,0,0,577.1875,72539.592760181,-209544.747241047,-577.1875,13.00390625,0,0,-13.00390625,0,0,0,0,0,0,0,0,0,0,0,0
1.09616,0,0,0,2331.0972,0,0,0,0,889.59375,70680.1470588235,-420689.07270531,-889.59375,13.00390625,0,0,-13.00390625,0,0,0,0,0,0,0,0,0,0,0,0
1.10058,0,0,0,2061.4316,0,0,0,0,1191.5,68304.5814479638,-537458.282999939,-1191.5,13.00390625,0,0,-13.00390625,0,0,0,0,0,0,0,0,0,0,0,0
1.105,0,0,0,1766.3536,0,0,0,0,1479.90625,65250.2828054299,-691017.792428492,-1479.90625,14.50390625,339.366515837104,76779.7547142769,-14.50390625,0,0,0,0,0,0,0,0,0,0,0,0
1.10942,0,0,0,1449.5009,0,0,0,0,1751.15625,61368.778280543,-878168.444544542,-1751.15625,14.50390625,0,-76779.7547142769,-14.50390625,0,0,0,0,0,0,0,0,0,0,0,0
1.11384,0,0,0,1114.7792,0,0,0,0,2002.49609375,56864.2180429864,-1019131.27546528,-2002.49609375,14.50390625,0,0,-14.50390625,0,0,0,0,0,0,0,0,0,0,0,0
1.11826,0,0,0,766.31506,0,0,0,0,2231.875,51895.6801470588,-1124103.59636371,-2231.875,14.50390625,0,0,-14.50390625,0,0,0,0,0,0,0,0,0,0,0,0
1.12268,0,0,0,408.40408,0,0,0,0,2435.90625,46160.9162895928,-1297457.88630454,-2435.90625,14.50390625,0,0,-14.50390625,0,0,0,0,0,0,0,0,0,0,0,0
1.1271,0,0,0,45.458485,0,0,0,0,2612.3125,39910.9162895928,-1414027.14932127,-2612.3125,14.50390625,0,0,-14.50390625,0,0,0,0,0,0,0,0,0,0,0,0
1.13152,0,0,0,-318.04752,0,0,0,0,2759.375,33272.0588235294,-1502003.95159804,-2759.375,14.50390625,0,0,-14.50390625,0,0,0,0,0,0,0,0,0,0,0,0
1.13594,0,0,0,-677.63275,0,0,0,0,2875.390625,26247.878959276,-1589180.96476321,-2875.390625,15.13671875,143.170248868778,32391.4590200856,-15.13671875,0,0,0,0,0,0,0,0,0,0,0,0
1.14036,0,0,0,-1028.8644,0,0,0,0,2958.49609375,18802.1422511312,-1684555.81632235,-2958.49609375,15.29296875,35.3506787330317,-24393.5679040151,-15.29296875,0,0,0,0,0,0,0,0,0,0,0,0
1.14478,0,0,0,-1367.4127,0,0,0,0,3006.8046875,10929.5460972851,-1781130.3515489,-3006.8046875,15.4453125,34.4669117647059,-199.947277901763,-15.4453125,0,0,0,0,0,0,0,0,0,0,0,0
1.1492,0,0,0,-1689.1041,0,0,0,0,3018,2532.87613122172,-1899699.08734465,-3018,15.6015625,35.3506787330317,199.947277901763,-15.6015625,0,0,0,0,0,0,0,0,0,0,0,0
1.15362,0,0,0,-1989.9729,0,0,0,0,2993.26171875,-5596.89621040724,-1839315.00941832,-2993.26171875,15.75390625,34.4669117647059,-199.947277901763,-15.75390625,0,0,0,0,0,0,0,0,0,0,0,0
1.15804,0,0,0,-2266.3103,0,0,0,0,2932.80078125,-13678.9451357466,-1828517.85641162,-2932.80078125,15.91015625,35.3506787330317,199.947277901763,-15.91015625,0,0,0,0,0,0,0,0,0,0,0,0
1.16246,0,0,0,-2514.7095,0,0,0,0,2836.05859375,-21887.3727375566,-1857110.31715157,-2836.05859375,16.01953125,24.7454751131222,-2399.36733482115,-16.01953125,0,0,0,0,0,0,0,0,0,0,0,0
1.16688,0,0,0,-2732.1084,0,0,0,0,2703.93359375,-29892.5339366516,-1811122.44323417,-2703.93359375,16.16796875,33.5831447963801,1999.47277901763,-16.16796875,0,0,0,0,0,0,0,0,0,0,0,0
1.1713,0,0,0,-2915.8269,0,0,0,0,2537.18359375,-37726.2443438914,-1772332.67132123,-2537.18359375,16.31640625,33.5831447963801,0,-16.31640625,0,0,0,0,0,0,0,0,0,0,0,0
1.17572,0,0,0,-3063.6006,0,0,0,0,2337.55859375,-45164.0271493213,-1682756.29082124,-2337.55859375,16.46484375,33.5831447963801,0,-16.46484375,0,0,0,0,0,0,0,0,0,0,0,0
1.18014,0,0,0,-3173.6074,0,0,0,0,2107.24609375,-52106.9004524887,-1570785.81519625,-2107.24609375,16.61328125,33.5831447963801,0,-16.61328125,0,0,0,0,0,0,0,0,0,0,0,0
1.18456,0,0,0,-3244.4915,0,0,0,0,1850.62109375,-58059.9547511312,-1346844.86394627,-1850.62109375,16.7578125,32.6993778280543,-199.947277901763,-16.7578125,0,0,0,0,0,0,0,0,0,0,0,0
1.18898,0,0,0,-3275.3787,0,0,0,0,1570.96484375,-63270.6447963801,-1178889.15050879,-1570.96484375,16.90625,33.5831447963801,199.947277901763,-16.90625,0,0,0,0,0,0,0,0,0,0,0,0
1.1934,0,0,0,-3265.8884,0,0,0,0,1272.43359375,-67541.0067873303,-966145.246821316,-1272.43359375,17,21.210407239819,-2799.26189062468,-17,0,0,0,0,0,0,0,0,0,0,0,0
1.19782,0,0,0,-3216.1377,0,0,0,0,959.40234375,-70821.5497737557,-742204.295571347,-959.40234375,15.50390625,-338.482748868778,-81378.5421060175,-15.50390625,0,0,0,0,0,0,0,0,0,0,0,0
1.20224,0,0,0,-3126.7397,0,0,0,0,637.15234375,-72907.2398190045,-471875.575848159,-637.15234375,15.50390625,0,76579.8074363752,-15.50390625,0,0,0,0,0,0,0,0,0,0,0,0
1.20666,0,0,0,-2998.7969,0,0,0,0,310.49609375,-73904.128959276,-225540.529473189,-310.49609375,15.50390625,0,0,-15.50390625,0,0,0,0,0,0,0,0,0,0,0,0
1.21108,0,0,0,-2833.886,0,0,0,0,-15.12890625,-73670.814479638,52786.081366065,15.12890625,15.50390625,0,0,-15.50390625,0,0,0,0,0,0,0,0,0,0,0,0
1.2155,0,0,0,-2634.04,0,0,0,0,-336.00390625,-72596.1538461538,243135.889928544,336.00390625,15.50390625,0,0,-15.50390625,0,0,0,0,0,0,0,0,0,0,0,0
1.21992,0,0,0,-2401.7229,0,0,0,0,-648.12890625,-70616.5158371041,447881.902499948,648.12890625,15.50390625,0,0,-15.50390625,0,0,0,0,0,0,0,0,0,0,0,0
1.22434,0,0,0,-2139.7983,0,0,0,0,-948.5,-67957.2610294118,601641.359206405,948.5,15.50390625,0,0,-15.50390625,0,0,0,0,0,0,0,0,0,0,0,0
1.22876,0,0,0,-1851.4952,0,0,0,0,-1233.50390625,-64480.5217760181,786592.591265535,1233.50390625,15.50390625,0,0,-15.50390625,0,0,0,0,0,0,0,0,0,0,0,0
1.23318,0,0,0,-1540.3678,0,0,0,0,-1500.5,-60406.3560520362,921756.951127127,1500.5,15.50390625,0,0,-15.50390625,0,0,0,0,0,0,0,0,0,0,0,0
1.2376,0,0,0,-1210.2512,0,0,0,0,-1747.33203125,-55844.3509615385,1032127.8485289,1747.33203125,14.9296875,-129.913744343891,-29392.2498515591,-14.9296875,0,0,0,0,0,0,0,0,0,0,0,0
1.24202,0,0,0,-865.21527,0,0,0,0,-1971.53515625,-50724.6889140271,1158294.58088491,1971.53515625,14.82421875,-23.8617081447964,23993.6733482115,-14.82421875,0,0,0,0,0,0,0,0,0,0,0,0
1.24644,0,0,0,-509.51328,0,0,0,0,-2170.86328125,-45096.8608597285,1273264.26567843,2170.86328125,14.71484375,-24.7454751131222,-199.947277901763,-14.71484375,0,0,0,0,0,0,0,0,0,0,0,0
1.25086,0,0,0,-147.53021,0,0,0,0,-2343.70703125,-39104.9208144796,1355642.54417395,2343.70703125,14.609375,-23.8617081447964,199.947277901763,-14.609375,0,0,0,0,0,0,0,0,0,0,0,0
1.25528,0,0,0,216.27153,0,0,0,0,-2488.36328125,-32727.6583710407,1442819.55733912,2488.36328125,13.73828125,-197.080033936652,-39189.6664687455,-13.73828125,0,0,0,0,0,0,0,0,0,0,0,0
1.2597,0,0,0,577.40717,0,0,0,0,-2603.80078125,-26117.0814479638,1495605.63870519,2603.80078125,13.46484375,-61.8636877828054,30591.9335189697,-13.46484375,0,0,0,0,0,0,0,0,0,0,0,0
1.26412,0,0,0,931.42474,0,0,0,0,-2688.58203125,-19181.278280543,1569186.23697303,2688.58203125,12.875,-133.448812217195,-16195.7295100428,-12.875,0,0,0,0,0,0,0,0,0,0,0,0
1.26854,0,0,0,1273.9602,0,0,0,0,-2741.20703125,-11906.1085972851,1645965.99168731,2741.20703125,12.49609375,-85.7253959276018,10797.1530066952,-12.49609375,0,0,0,0,0,0,0,0,0,0,0,0
1.27296,0,0,0,1600.7908,0,0,0,0,-2760.3984375,-4341.94711538462,1711348.75156119,2760.3984375,12.11328125,-86.6091628959276,-199.947277901762,-12.11328125,0,0,0,0,0,0,0,0,0,0,0,0
1.27738,0,0,0,1907.8875,0,0,0,0,-2744.140625,3678.23812217195,1814521.5469585,2744.140625,12.00390625,-24.7454751131222,13996.3094531234,-12.00390625,0,0,0,0,0,0,0,0,0,0,0,0
1.2818,0,0,0,2191.4646,0,0,0,0,-2694.078125,11326.3574660633,1730343.74296186,2694.078125,12.00390625,0,5598.52378124936,-12.00390625,0,0,0,0,0,0,0,0,0,0,0,0
1.28622,0,0,0,2448.0261,0,0,0,0,-2610.3515625,18942.661199095,1723145.64095739,2610.3515625,12.00390625,0,0,-12.00390625,0,0,0,0,0,0,0,0,0,0,0,0
1.29064,0,0,0,2674.4094,0,0,0,0,-2493.625,26408.7245475113,1689154.60371409,2493.625,12.00390625,0,0,-12.00390625,0,0,0,0,0,0,0,0,0,0,0,0
1.29506,0,0,0,2867.824,0,0,0,0,-2343.84375,33887.1606334842,1691953.86560472,2343.84375,12.00390625,0,0,-12.00390625,0,0,0,0,0,0,0,0,0,0,0,0
1.29948,0,0,0,3025.885,0,0,0,0,-2162.328125,41066.8834841629,1624371.68567392,2162.328125,12.00390625,0,0,-12.00390625,0,0,0,0,0,0,0,0,0,0,0,0
1.3039,0,0,0,3146.6443,0,0,0,0,-1951.125,47783.5124434389,1519599.3120534,1951.125,12.00390625,0,0,-12.00390625,0,0,0,0,0,0,0,0,0,0,0,0
1.30832,0,0,0,3228.6133,0,0,0,0,-1713.15625,53839.0837104072,1370038.74818288,1713.15625,12.00390625,0,0,-12.00390625,0,0,0,0,0,0,0,0,0,0,0,0
1.31274,0,0,0,3270.781,0,0,0,0,-1451.1875,59268.9479638009,1228476.07542843,1451.1875,12.00390625,0,0,-12.00390625,0,0,0,0,0,0,0,0,0,0,0,0
1.31716,0,0,0,3272.6282,0,0,0,0,-1168.875,63871.6063348416,1041325.42331238,1168.875,12.00390625,0,0,-12.00390625,0,0,0,0,0,0,0,0,0,0,0,0
1.32158,0,0,0,3234.1316,0,0,0,0,-869.96875,67625.8484162896,849376.03652669,869.96875,13.50390625,339.366515837104,76779.7547142769,-13.50390625,0,0,0,0,0,0,0,0,0,0,0,0
1.326,0,0,0,3155.7661,0,0,0,0,-559.15625,70319.5701357466,609439.303044573,559.15625,13.50390625,0,-76779.7547142769,-13.50390625,0,0,0,0,0,0,0,0,0,0,0,0
1.33042,0,0,0,3038.4976,0,0,0,0,-240.125,72179.0158371041,420689.07270531,240.125,13.50390625,0,0,-13.50390625,0,0,0,0,0,0,0,0,0,0,0,0
1.33484,0,0,0,2883.772,0,0,0,0,82.09375,72900.1696832579,163156.978767838,-82.09375,13.50390625,0,0,-13.50390625,0,0,0,0,0,0,0,0,0,0,0,0
1.33926,0,0,0,2693.4961,0,0,0,0,402.90625,72582.0135746606,-71981.0200446365,-402.90625,13.50390625,0,0,-13.50390625,0,0,0,0,0,0,0,0,0,0,0,0
1.34368,0,0,0,2470.0164,0,0,0,0,718.09375,71309.3891402715,-287924.080178536,-718.09375,13.50390625,0,0,-13.50390625,0,0,0,0,0,0,0,0,0,0,0,0
1.3481,0,0,0,2216.0869,0,0,0,0,1024.3125,69280.2601809955,-459078.95006245,-1024.3125,13.50390625,0,0,-13.50390625,0,0,0,0,0,0,0,0,0,0,0,0
1.35252,0,0,0,1934.8389,0,0,0,0,1319.625,66812.7828054299,-558252.799901721,-1319.625,13.50390625,0,0,-13.50390625,0,0,0,0,0,0,0,0,0,0,0,0
1.35694,0,0,0,1629.7388,0,0,0,0,1600.125,63461.5384615385,-758200.077803485,-1600.125,14.06640625,127.262443438914,28792.4080178539,-14.06640625,0,0,0,0,0,0,0,0,0,0,0,0
1.36136,0,0,0,1304.5479,0,0,0,0,1862.5625,59375,-924556.213017751,-1862.5625,14.19140625,28.2805429864253,-22394.0951249974,-14.19140625,0,0,0,0,0,0,0,0,0,0,0,0
1.36578,0,0,0,963.27521,0,0,0,0,2104.46875,54729.9208144796,-1050922.89265166,-2104.46875,14.31640625,28.2805429864253,0,-14.31640625,0,0,0,0,0,0,0,0,0,0,0,0
1.3702,0,0,0,610.12762,0,0,0,0,2323.375,49526.3009049774,-1177289.57228558,-2323.375,14.44140625,28.2805429864253,0,-14.44140625,0,0,0,0,0,0,0,0,0,0,0,0
1.37462,0,0,0,249.45866,0,0,0,0,2516.15625,43615.6674208145,-1337247.39460699,-2516.15625,14.5625,27.3967760180995,-199.947277901763,-14.5625,0,0,0,0,0,0,0,0,0,0,0,0
1.37904,0,0,0,-114.28551,0,0,0,0,2680.734375,37234.8699095023,-1443619.34645073,-2680.734375,14.6875,28.2805429864253,199.947277901763,-14.6875,0,0,0,0,0,0,0,0,0,0,0,0
1.38346,0,0,0,-476.62082,0,0,0,0,2815.09375,30398.0486425339,-1546792.14184804,-2815.09375,14.8125,28.2805429864253,0,-14.8125,0,0,0,0,0,0,0,0,0,0,0,0
1.38788,0,0,0,-833.08057,0,0,0,0,2917.8125,23239.536199095,-1619572.95100428,-2917.8125,15.0703125,58.3286199095023,6798.20744865994,-15.0703125,0,0,0,0,0,0,0,0,0,0,0,0
1.3923,0,0,0,-1179.2704,0,0,0,0,2986.90234375,15631.1863687783,-1721346.11545628,-2986.90234375,15.2109375,31.8156108597285,-5998.41833705289,-15.2109375,0,0,0,0,0,0,0,0,0,0,0,0
1.39672,0,0,0,-1510.9227,0,0,0,0,3020.515625,7604.81476244344,-1815921.17790381,-3020.515625,15.35546875,32.6993778280543,199.947277901763,-15.35546875,0,0,0,0,0,0,0,0,0,0,0,0
1.40114,0,0,0,-1823.9491,0,0,0,0,3017.15625,-760.039592760181,-1892500.98534019,-3017.15625,15.49609375,31.8156108597285,-199.947277901763,-15.49609375,0,0,0,0,0,0,0,0,0,0,0,0
1.40556,0,0,0,-2114.4905,0,0,0,0,2976.68359375,-9156.70955882353,-1899699.08734465,-2976.68359375,15.63671875,31.8156108597285,0,-15.63671875,0,0,0,0,0,0,0,0,0,0,0,0
1.40998,0,0,0,-2378.9656,0,0,0,0,2901.26171875,-17063.7726244344,-1788928.29538707,-2901.26171875,15.78125,32.6993778280543,199.947277901763,-15.78125,0,0,0,0,0,0,0,0,0,0,0,0
1.4144,0,0,0,-2614.1135,0,0,0,0,2789.26171875,-25339.3665158371,-1872306.31027211,-2789.26171875,15.921875,31.8156108597285,-199.947277901763,-15.921875,0,0,0,0,0,0,0,0,0,0,0,0
1.41882,0,0,0,-2817.0359,0,0,0,0,2640.96484375,-33551.3291855204,-1857910.10626318,-2640.96484375,16,17.6753393665158,-3199.15644642821,-16,0,0,0,0,0,0,0,0,0,0,0,0
1.42324,0,0,0,-2985.231,0,0,0,0,2458.58984375,-41261.3122171946,-1744340.05241498,-2458.58984375,16,0,-3998.94555803526,-16,0,0,0,0,0,0,0,0,0,0,0,0
1.42766,0,0,0,-3116.6255,0,0,0,0,2244.21484375,-48501.1312217195,-1637968.10057124,-2244.21484375,16,0,0,-16,0,0,0,0,0,0,0,0,0,0,0,0
1.43208,0,0,0,-3209.5996,0,0,0,0,2000.33984375,-55175.3393665158,-1510001.84271411,-2000.33984375,16,0,0,-16,0,0,0,0,0,0,0,0,0,0,0,0
1.4365,0,0,0,-3263.0071,0,0,0,0,1731.99609375,-60711.2556561086,-1252469.74877664,-1731.99609375,16,0,0,-16,0,0,0,0,0,0,0,0,0,0,0,0
1.44092,0,0,0,-3276.1897,0,0,0,0,1441.83984375,-65646.2104072398,-1116505.59980344,-1441.83984375,16,0,0,-16,0,0,0,0,0,0,0,0,0,0,0,0
1.44534,0,0,0,-3248.9846,0,0,0,0,1134.87109375,-69449.943438914,-860573.084089186,-1134.87109375,16,0,0,-16,0,0,0,0,0,0,0,0,0,0,0,0
1.44976,0,0,0,-3181.7275,0,0,0,0,816.18359375,-72101.2443438914,-599841.833705287,-816.18359375,16,0,0,-16,0,0,0,0,0,0,0,0,0,0,0,0
1.45418,0,0,0,-3075.2476,0,0,0,0,491.02734375,-73564.7624434389,-331112.692205322,-491.02734375,16,0,0,-16,0,0,0,0,0,0,0,0,0,0,0,0
1.4586,0,0,0,-2930.8572,0,0,0,0,164.21484375,-73939.479638009,-84777.6458303454,-164.21484375,16,0,0,-16,0,0,0,0,0,0,0,0,0,0,0,0
1.46302,0,0,0,-2750.3364,0,0,0,0,-159.97265625,-73345.5882352941,134364.570749984,159.97265625,16,0,0,-16,0,0,0,0,0,0,0,0,0,0,0,0
1.46744,0,0,0,-2535.9109,0,0,0,0,-477.81640625,-71910.350678733,324714.379312463,477.81640625,16,0,0,-16,0,0,0,0,0,0,0,0,0,0,0,0
1.47186,0,0,0,-2290.2236,0,0,0,0,-785.09765625,-69520.6447963801,540657.439446366,785.09765625,16,0,0,-16,0,0,0,0,0,0,0,0,0,0,0,0
1.47628,0,0,0,-2016.3033,0,0,0,0,-1078.91015625,-66473.4162895928,689418.214205278,1078.91015625,16,0,0,-16,0,0,0,0,0,0,0,0,0,0,0,0
1.4807,0,0,0,-1717.527,0,0,0,0,-1356.62890625,-62832.2963800905,823782.784955264,1356.62890625,16,0,0,-16,0,0,0,0,0,0,0,0,0,0,0,0
1.48512,0,0,0,-1397.5776,0,0,0,0,-1615.91015625,-58660.9162895928,943751.151696319,1615.91015625,14.50390625,-338.482748868778,-76579.8074363752,-14.50390625,0,0,0,0,0,0,0,0,0,0,0,0
1.48954,0,0,0,-1060.3997,0,0,0,0,-1853.62890625,-53782.5226244344,1103708.97401773,1853.62890625,14.50390625,0,76579.8074363752,-14.50390625,0,0,0,0,0,0,0,0,0,0,0,0
1.49396,0,0,0,-710.14948,0,0,0,0,-2067.81640625,-48458.7104072398,1204482.40208022,2067.81640625,14.50390625,0,0,-14.50390625,0,0,0,0,0,0,0,0,0,0,0,0
1.49838,0,0,0,-351.14487,0,0,0,0,-2256.08203125,-42594.0328054299,1326850.1361561,2256.08203125,14.50390625,0,0,-14.50390625,0,0,0,0,0,0,0,0,0,0,0,0
1.5028,0,0,0,12.188507,0,0,0,0,-2416.55078125,-36305.1470588235,1422824.82954894,2416.55078125,13.9140625,-133.448812217195,-30192.0389631662,-13.9140625,0,0,0,0,0,0,0,0,0,0,0,0
1.50722,0,0,0,375.37161,0,0,0,0,-2548.45703125,-29843.0429864253,1462014.49601769,2548.45703125,13.671875,-54.7935520361991,17795.3077332569,-13.671875,0,0,0,0,0,0,0,0,0,0,0,0
1.51164,0,0,0,733.92731,0,0,0,0,-2650.5,-23086.6445135747,1528596.93955898,2650.5,13.4296875,-54.7935520361991,0,-13.4296875,0,0,0,0,0,0,0,0,0,0,0,0
1.51606,0,0,0,1083.4354,0,0,0,0,-2720.98046875,-15945.8074095023,1615574.00544624,2720.98046875,12.6328125,-180.288461538462,-28392.5134620503,-12.6328125,0,0,0,0,0,0,0,0,0,0,0,0
1.52048,0,0,0,1419.5875,0,0,0,0,-2758.6640625,-8525.69994343891,1678757.3452632,2758.6640625,12.22265625,-92.7955316742081,19794.7805122745,-12.22265625,0,0,0,0,0,0,0,0,0,0,0,0
1.5249,0,0,0,1738.2394,0,0,0,0,-2762.08984375,-775.063631221719,1753537.62719846,2762.08984375,12.00390625,-49.4909502262443,9797.41661718638,-12.00390625,0,0,0,0,0,0,0,0,0,0,0,0
1.52932,0,0,0,2035.4631,0,0,0,0,-2731.10546875,7010.03959276018,1761335.57103663,2731.10546875,12.00390625,0,11197.0475624987,-12.00390625,0,0,0,0,0,0,0,0,0,0,0,0
1.53374,0,0,0,2307.5945,0,0,0,0,-2665.8203125,14770.397341629,1755737.04725538,2665.8203125,12.00390625,0,0,-12.00390625,0,0,0,0,0,0,0,0,0,0,0,0
1.53816,0,0,0,2551.2788,0,0,0,0,-2567.50390625,22243.5308257919,1690754.18193731,2567.50390625,12.00390625,0,0,-12.00390625,0,0,0,0,0,0,0,0,0,0,0,0
1.54258,0,0,0,2763.512,0,0,0,0,-2435.59375,29843.9267533937,1719546.58995516,2435.59375,12.00390625,0,0,-12.00390625,0,0,0,0,0,0,0,0,0,0,0,0
1.547,0,0,0,2941.6777,0,0,0,0,-2271.609375,37100.5373303167,1641767.09885137,2271.609375,12.00390625,0,0,-12.00390625,0,0,0,0,0,0,0,0,0,0,0,0
1.55142,0,0,0,3083.5798,0,0,0,0,-2076.34375,44177.7432126697,1601177.80143732,2076.34375,12.00390625,0,0,-12.00390625,0,0,0,0,0,0,0,0,0,0,0,0
1.55584,0,0,0,3187.469,0,0,0,0,-1852.8125,50572.6809954751,1446818.50289716,1852.8125,12.00390625,0,0,-12.00390625,0,0,0,0,0,0,0,0,0,0,0,0
1.56026,0,0,0,3252.0642,0,0,0,0,-1603.5625,56391.4027149321,1316452.87770521,1603.5625,12.00390625,0,0,-12.00390625,0,0,0,0,0,0,0,0,0,0,0,0
1.56468,0,0,0,3276.5693,0,0,0,0,-1332,61439.479638009,1142098.85137487,1332,12.00390625,0,0,-12.00390625,0,0,0,0,0,0,0,0,0,0,0,0
1.5691,0,0,0,3260.6826,0,0,0,0,-1041.75,65667.4208144796,956547.777482032,1041.75,12.00390625,0,0,-12.00390625,0,0,0,0,0,0,0,0,0,0,0,0
1.57352,0,0,0,3204.5994,0,0,0,0,-736.8125,68990.3846153846,751801.764910629,736.8125,12.00390625,0,0,-12.00390625,0,0,0,0,0,0,0,0,0,0,0,0
1.57794,0,0,0,3109.011,0,0,0,0,-421.46875,71344.7398190045,532659.548330297,421.46875,13.50390625,339.366515837104,76779.7547142769,-13.50390625,0,0,0,0,0,0,0,0,0,0,0,0
1.58236,0,0,0,2975.0964,0,0,0,0,-99.71875,72794.1176470588,327913.535758892,99.71875,13.50390625,0,-76779.7547142769,-13.50390625,0,0,0,0,0,0,0,0,0,0,0,0
1.58678,0,0,0,2804.5059,0,0,0,0,222.9375,72999.1515837104,46387.768473209,-222.9375,13.50390625,0,0,-13.50390625,0,0,0,0,0,0,0,0,0,0,0,0
1.5912,0,0,0,2599.3428,0,0,0,0,542.49609375,72298.324377828,-158558.1913761,-542.49609375,13.50390625,0,0,-13.50390625,0,0,0,0,0,0,0,0,0,0,0,0
1.59562,0,0,0,2362.136,0,0,0,0,854.59375,70610.3294683258,-381899.300792367,-854.59375,13.50390625,0,0,-13.50390625,0,0,0,0,0,0,0,0,0,0,0,0
1.60004,0,0,0,2095.8096,0,0,0,0,1157.03125,68424.7737556561,-494469.618251059,-1157.03125,13.50390625,0,0,-13.50390625,0,0,0,0,0,0,0,0,0,0,0,0
1.60446,0,0,0,1803.6472,0,0,0,0,1446.875,65575.5090497738,-644630.023955283,-1446.875,13.50390625,0,0,-13.50390625,0,0,0,0,0,0,0,0,0,0,0,0
1.60888,0,0,0,1489.2501,0,0,0,0,1720.53125,61913.1787330317,-828581.519624905,-1720.53125,14.08203125,130.797511312217,29592.1971294609,-14.08203125,0,0,0,0,0,0,0,0,0,0,0,0
1.6133,0,0,0,1156.4943,0,0,0,0,1974.75,57515.5542986425,-994937.654839173,-1974.75,14.23046875,33.5831447963801,-21994.2005691939,-14.23046875,0,0,0,0,0,0,0,0,0,0,0,0
1.61772,0,0,0,809.48163,0,0,0,0,2207.625,52686.6515837104,-1092511.92645523,-2207.625,14.37890625,33.5831447963801,0,-14.37890625,0,0,0,0,0,0,0,0,0,0,0,0
1.62214,0,0,0,452.49005,0,0,0,0,2415.890625,47118.9196832579,-1259667.8507811,-2415.890625,14.52734375,33.5831447963801,0,-14.52734375,0,0,0,0,0,0,0,0,0,0,0,0
1.62656,0,0,0,89.920334,0,0,0,0,2596.828125,40936.0859728507,-1398831.15620073,-2596.828125,14.67578125,33.5831447963801,0,-14.67578125,0,0,0,0,0,0,0,0,0,0,0,0
1.63098,0,0,0,-273.75787,0,0,0,0,2748.984375,34424.4909502262,-1473211.54358019,-2748.984375,14.82421875,33.5831447963801,0,-14.82421875,0,0,0,0,0,0,0,0,0,0,0,0
1.6354,0,0,0,-634.06128,0,0,0,0,2870.1796875,27419.753959276,-1584782.12464937,-2870.1796875,14.97265625,33.5831447963801,0,-14.97265625,0,0,0,0,0,0,0,0,0,0,0,0
1.63982,0,0,0,-986.54828,0,0,0,0,2958.75,20038.532239819,-1669959.66503552,-2958.75,15.1328125,36.2344457013575,599.841833705289,-15.1328125,0,0,0,0,0,0,0,0,0,0,0,0
1.64424,0,0,0,-1326.8735,0,0,0,0,3013.05859375,12287.0121606335,-1753737.57447636,-3013.05859375,15.28125,33.5831447963801,-599.841833705289,-15.28125,0,0,0,0,0,0,0,0,0,0,0,0
1.64866,0,0,0,-1650.8417,0,0,0,0,3031.33984375,4136.02941176471,-1844113.74408796,-3031.33984375,15.4296875,33.5831447963801,0,-15.4296875,0,0,0,0,0,0,0,0,0,0,0,0
1.65308,0,0,0,-1954.4589,0,0,0,0,3011.28125,-4538.14338235294,-1962482.5326058,-3011.28125,15.578125,33.5831447963801,0,-15.578125,0,0,0,0,0,0,0,0,0,0,0,0
1.6575,0,0,0,-2233.9824,0,0,0,0,2955.16015625,-12697.0800339367,-1845913.26958907,-2955.16015625,15.73046875,34.4669117647059,199.947277901762,-15.73046875,0,0,0,0,0,0,0,0,0,0,0,0
1.66192,0,0,0,-2485.9663,0,0,0,0,2863.33984375,-20773.8263574661,-1827318.17274421,-2863.33984375,15.87890625,33.5831447963801,-199.947277901762,-15.87890625,0,0,0,0,0,0,0,0,0,0,0,0
1.66634,0,0,0,-2707.3044,0,0,0,0,2735.88671875,-28835.5486425339,-1823919.06901988,-2735.88671875,16,27.3967760180995,-1399.63094531234,-16,0,0,0,0,0,0,0,0,0,0,0,0
1.67076,0,0,0,-2895.2678,0,0,0,0,2572.93359375,-36867.2228506787,-1817120.86157122,-2572.93359375,16,0,-6198.36561495465,-16,0,0,0,0,0,0,0,0,0,0,0,0
1.67518,0,0,0,-3047.5398,0,0,0,0,2376.71484375,-44393.3823529412,-1702751.01861141,-2376.71484375,16,0,0,-16,0,0,0,0,0,0,0,0,0,0,0,0
1.6796,0,0,0,-3162.2429,0,0,0,0,2149.37109375,-51435.2375565611,-1593179.91032125,-2149.37109375,16,0,0,-16,0,0,0,0,0,0,0,0,0,0,0,0
1.68402,0,0,0,-3237.9631,0,0,0,0,1894.33984375,-57699.3778280543,-1417226.30576769,-1894.33984375,16,0,0,-16,0,0,0,0,0,0,0,0,0,0,0,0
1.68844,0,0,0,-3273.7673,0,0,0,0,1616.12109375,-62945.4185520362,-1186887.04162486,-1616.12109375,16,0,0,-16,0,0,0,0,0,0,0,0,0,0,0,0
1.69286,0,0,0,-3269.2136,0,0,0,0,1316.96484375,-67682.4095022624,-1071717.40955345,-1316.96484375,16,0,0,-16,0,0,0,0,0,0,0,0,0,0,0,0
1.69728,0,0,0,-3224.3586,0,0,0,0,1002.55859375,-71132.6357466063,-780594.172928483,-1002.55859375,16,0,0,-16,0,0,0,0,0,0,0,0,0,0,0,0
1.7017,0,0,0,-3139.7551,0,0,0,0,677.99609375,-73430.4298642534,-519862.922544581,-677.99609375,16,0,0,-16,0,0,0,0,0,0,0,0,0,0,0,0
1.70612,0,0,0,-3016.446,0,0,0,0,348.93359375,-74448.5294117647,-230339.264142832,-348.93359375,16,0,0,-16,0,0,0,0,0,0,0,0,0,0,0,0
1.71054,0,0,0,-2855.9517,0,0,0,0,19.71484375,-74483.8800904977,-7997.89111606926,-19.71484375,16,0,0,-16,0,0,0,0,0,0,0,0,0,0,0,0
1.71496,0,0,0,-2660.2502,0,0,0,0,-305.50390625,-73578.9027149321,204746.012571404,305.50390625,16,0,0,-16,0,0,0,0,0,0,0,0,0,0,0,0
1.71938,0,0,0,-2431.7542,0,0,0,0,-622.50390625,-71719.4570135747,420689.072705307,622.50390625,16,0,0,-16,0,0,0,0,0,0,0,0,0,0,0,0
1.7238,0,0,0,-2173.2808,0,0,0,0,-928.25390625,-69174.2081447964,575848.160357079,928.25390625,16,0,0,-16,0,0,0,0,0,0,0,0,0,0,0,0
1.72822,0,0,0,-1888.0159,0,0,0,0,-1219.72265625,-65943.1561085973,731007.248008845,1219.72265625,16,0,0,-16,0,0,0,0,0,0,0,0,0,0,0,0
1.73264,0,0,0,-1579.4764,0,0,0,0,-1493.62890625,-61969.7398190045,898962.961446325,1493.62890625,16,0,0,-16,0,0,0,0,0,0,0,0,0,0,0,0
1.73706,0,0,0,-1251.4658,0,0,0,0,-1748.19140625,-57593.3257918552,990138.92016953,1748.19140625,14.50390625,-338.482748868778,-76579.8074363752,-14.50390625,0,0,0,0,0,0,0,0,0,0,0,0
1.74148,0,0,0,-908.02765,0,0,0,0,-1980.50390625,-52559.3891402715,1138899.69492844,1980.50390625,14.50390625,0,76579.8074363752,-14.50390625,0,0,0,0,0,0,0,0,0,0,0,0
1.7459,0,0,0,-553.39575,0,0,0,0,-2188.5,-47057.9397624434,1244671.80493847,2188.5,14.50390625,0,0,-14.50390625,0,0,0,0,0,0,0,0,0,0,0,0
1.75032,0,0,0,-191.94185,0,0,0,0,-2369.94140625,-41050.0919117647,1359241.59517618,2369.94140625,14.50390625,0,0,-14.50390625,0,0,0,0,0,0,0,0,0,0,0,0
1.75474,0,0,0,171.87825,0,0,0,0,-2522.72265625,-34565.8936651584,1467013.17796523,2522.72265625,13.890625,-138.751414027149,-31391.7226305768,-13.890625,0,0,0,0,0,0,0,0,0,0,0,0
1.75916,0,0,0,533.57953,0,0,0,0,-2646.33203125,-27965.9219457014,1493206.27137037,2646.33203125,13.66015625,-52.1422511312217,19594.8332343728,-13.66015625,0,0,0,0,0,0,0,0,0,0,0,0
1.76358,0,0,0,888.70306,0,0,0,0,-2738.80859375,-20922.2992081448,1593579.80487705,2738.80859375,13.4296875,-52.1422511312217,0,-13.4296875,0,0,0,0,0,0,0,0,0,0,0,0
1.768,0,0,0,1232.871,0,0,0,0,-2799.01171875,-13620.6165158371,1651964.41002436,2799.01171875,12.6953125,-166.148190045249,-25793.1988493274,-12.6953125,0,0,0,0,0,0,0,0,0,0,0,0
1.77242,0,0,0,1561.8407,0,0,0,0,-2825.015625,-5883.2367081448,1750538.41802993,2825.015625,12.32421875,-83.9578619909502,18595.0968448639,-12.32421875,0,0,0,0,0,0,0,0,0,0,0,0
1.77684,0,0,0,1871.5566,0,0,0,0,-2815.50390625,2151.9725678733,1817920.65068283,2815.50390625,12.00390625,-72.4688914027149,2599.31461272292,-12.00390625,0,0,0,0,0,0,0,0,0,0,0,0
1.78126,0,0,0,2158.2009,0,0,0,0,-2771.1171875,10042.244061086,1785129.29710694,2771.1171875,12.00390625,0,16395.6767879446,-12.00390625,0,0,0,0,0,0,0,0,0,0,0,0
1.78568,0,0,0,2418.2397,0,0,0,0,-2692.140625,17868.0005656109,1770533.14582011,2692.140625,12.00390625,0,0,-12.00390625,0,0,0,0,0,0,0,0,0,0,0,0
1.7901,0,0,0,2648.4675,0,0,0,0,-2579.546875,25473.6990950226,1720746.27362257,2579.546875,12.00390625,0,0,-12.00390625,0,0,0,0,0,0,0,0,0,0,0,0
1.79452,0,0,0,2846.0461,0,0,0,0,-2433.34375,33077.6300904977,1720346.37906677,2433.34375,12.00390625,0,0,-12.00390625,0,0,0,0,0,0,0,0,0,0,0,0
1.79894,0,0,0,3008.5398,0,0,0,0,-2254.734375,40409.3608597285,1658762.61747303,2254.734375,12.00390625,0,0,-12.00390625,0,0,0,0,0,0,0,0,0,0,0,0
1.80336,0,0,0,3133.9456,0,0,0,0,-2045.421875,47355.7692307692,1571585.60430786,2045.421875,12.00390625,0,0,-12.00390625,0,0,0,0,0,0,0,0,0,0,0,0
1.80778,0,0,0,3220.7175,0,0,0,0,-1808.90625,53510.32239819,1392432.84330788,1808.90625,12.00390625,0,0,-12.00390625,0,0,0,0,0,0,0,0,0,0,0,0
1.8122,0,0,0,3267.7856,0,0,0,0,-1547.46875,59148.7556561086,1275663.63301325,1547.46875,12.00390625,0,0,-12.00390625,0,0,0,0,0,0,0,0,0,0,0,0
1.81662,0,0,0,3274.5701,0,0,0,0,-1265.03125,63899.8868778281,1074916.56599988,1265.03125,12.00390625,0,0,-12.00390625,0,0,0,0,0,0,0,0,0,0,0,0
1.82104,0,0,0,3240.9868,0,0,0,0,-965.15625,67845.0226244344,892564.648553468,965.15625,12.00390625,0,0,-12.00390625,0,0,0,0,0,0,0,0,0,0,0,0
1.82546,0,0,0,3167.4502,0,0,0,0,-652.03125,70842.7601809955,678221.166642779,652.03125,12.00390625,0,0,-12.00390625,0,0,0,0,0,0,0,0,0,0,0,0
1.82988,0,0,0,3054.8665,0,0,0,0,-330.09375,72836.5384615385,451081.058946378,330.09375,12.00390625,0,0,-12.00390625,0,0,0,0,0,0,0,0,0,0,0,0
1.8343,0,0,0,2904.6238,0,0,0,0,-3.71875,73840.4977375566,227140.107696402,3.71875,12.00390625,0,0,-12.00390625,0,0,0,0,0,0,0,0,0,0,0,0
1.83872,0,0,0,2718.574,0,0,0,0,322.375,73776.8665158371,-14396.2040089253,-322.375,12.00390625,0,0,-12.00390625,0,0,0,0,0,0,0,0,0,0,0,0
1.84314,0,0,0,2499.011,0,0,0,0,643.1875,72582.0135746606,-270328.719723185,-643.1875,12.00390625,0,0,-12.00390625,0,0,0,0,0,0,0,0,0,0,0,0
1.84756,0,0,0,2248.6411,0,0,0,0,955.5625,70673.0769230769,-431886.120267806,-955.5625,13.50390625,339.366515837104,76779.7547142769,-13.50390625,0,0,0,0,0,0,0,0,0,0,0,0
1.85198,0,0,0,1970.5509,0,0,0,0,1257.1875,68240.9502262443,-550254.908785652,-1257.1875,13.50390625,0,-76779.7547142769,-13.50390625,0,0,0,0,0,0,0,0,0,0,0,0
1.8564,0,0,0,1668.1687,0,0,0,0,1544.5,65002.8280542986,-732606.826232059,-1544.5,13.50390625,0,0,-13.50390625,0,0,0,0,0,0,0,0,0,0,0,0
1.86082,0,0,0,1345.2219,0,0,0,0,1814.09375,60994.0610859728,-906960.852562396,-1814.09375,14.3125,182.939762443439,41389.0865256649,-14.3125,0,0,0,0,0,0,0,0,0,0,0,0
1.86524,0,0,0,1005.6919,0,0,0,0,2062.875,56285.350678733,-1065319.09666059,-2062.875,14.67578125,82.1903280542986,-22793.989680801,-14.67578125,0,0,0,0,0,0,0,0,0,0,0,0
1.86966,0,0,0,653.7641,0,0,0,0,2289.421875,51254.9490950226,-1138099.90581683,-2289.421875,15,73.3526583710407,-1999.47277901763,-15,0,0,0,0,0,0,0,0,0,0,0,0
1.87408,0,0,0,293.77695,0,0,0,0,2489.890625,45354.9208144796,-1334848.02727217,-2489.890625,15,0,-16595.6240658463,-15,0,0,0,0,0,0,0,0,0,0,0,0
1.8785,0,0,0,-69.831726,0,0,0,0,2662.328125,39013.0090497738,-1434821.66622305,-2662.328125,15,0,0,-15,0,0,0,0,0,0,0,0,0,0,0,0
1.88292,0,0,0,-432.57956,0,0,0,0,2804.734375,32218.6085972851,-1537194.67250875,-2804.734375,15.046875,10.6052036199095,2399.36733482115,-15.046875,0,0,0,0,0,0,0,0,0,0,0,0
1.88734,0,0,0,-789.99475,0,0,0,0,2915.5234375,25065.3987556561,-1618373.26733687,-2915.5234375,15.2265625,40.6532805429864,6798.20744865994,-15.2265625,0,0,0,0,0,0,0,0,0,0,0,0
1.89176,0,0,0,-1137.6711,0,0,0,0,2992.96875,17521.5639140271,-1706749.96416945,-2992.96875,15.40625,40.6532805429864,0,-15.40625,0,0,0,0,0,0,0,0,0,0,0,0
1.89618,0,0,0,-1471.3229,0,0,0,0,3034.8359375,9472.21436651584,-1821119.80712926,-3034.8359375,15.5859375,40.6532805429864,0,-15.5859375,0,0,0,0,0,0,0,0,0,0,0,0
1.9006,0,0,0,-1786.8368,0,0,0,0,3039.91015625,1148.0132918552,-1883303.4105567,-3039.91015625,15.76171875,39.7695135746606,-199.947277901763,-15.76171875,0,0,0,0,0,0,0,0,0,0,0,0
1.90502,0,0,0,-2080.3232,0,0,0,0,3007.15234375,-7411.26979638009,-1936489.38647857,-3007.15234375,15.94140625,40.6532805429864,199.947277901763,-15.94140625,0,0,0,0,0,0,0,0,0,0,0,0
1.90944,0,0,0,-2348.1646,0,0,0,0,2939.04296875,-15409.3608597285,-1809522.86501095,-2939.04296875,16,13.2565045248869,-6198.36561495465,-16,0,0,0,0,0,0,0,0,0,0,0,0
1.91386,0,0,0,-2587.0586,0,0,0,0,2833.58984375,-23858.1730769231,-1911495.97674085,-2833.58984375,16,0,-2999.20916852644,-16,0,0,0,0,0,0,0,0,0,0,0,0
1.91828,0,0,0,-2794.0603,0,0,0,0,2692.29296875,-31967.6187782805,-1834716.22202658,-2692.29296875,16,0,0,-16,0,0,0,0,0,0,0,0,0,0,0,0
1.9227,0,0,0,-2966.6182,0,0,0,0,2516.35546875,-39804.8642533937,-1773132.46043283,-2516.35546875,16,0,0,-16,0,0,0,0,0,0,0,0,0,0,0,0
1.92712,0,0,0,-3102.605,0,0,0,0,2307.80859375,-47182.5509049774,-1669159.87592392,-2307.80859375,16,0,0,-16,0,0,0,0,0,0,0,0,0,0,0,0
1.93154,0,0,0,-3200.344,0,0,0,0,2068.83984375,-54065.3280542986,-1557189.40029893,-2068.83984375,16,0,0,-16,0,0,0,0,0,0,0,0,0,0,0,0
1.93596,0,0,0,-3258.6306,0,0,0,0,1804.33984375,-59841.628959276,-1306855.40836592,-1804.33984375,16,0,0,-16,0,0,0,0,0,0,0,0,0,0,0,0
1.94038,0,0,0,-3276.7461,0,0,0,0,1516.99609375,-65009.8981900452,-1169291.68116951,-1516.99609375,16,0,0,-16,0,0,0,0,0,0,0,0,0,0,0,0
1.9448,0,0,0,-3254.4675,0,0,0,0,1211.24609375,-69174.2081447964,-942151.573473106,-1211.24609375,16,0,0,-16,0,0,0,0,0,0,0,0,0,0,0,0
1.94922,0,0,0,-3192.0691,0,0,0,0,892.05859375,-72214.3665158371,-687818.635982065,-892.05859375,16,0,0,-16,0,0,0,0,0,0,0,0,0,0,0,0
1.95364,0,0,0,-3090.3201,0,0,0,0,564.90234375,-74017.2511312217,-407892.446919595,-564.90234375,16,0,0,-16,0,0,0,0,0,0,0,0,0,0,0,0
1.95806,0,0,0,-2950.4751,0,0,0,0,234.05859375,-74851.5271493213,-188750.230339266,-234.05859375,16,0,0,-16,0,0,0,0,0,0,0,0,0,0,0,0
1.96248,0,0,0,-2774.2578,0,0,0,0,-94.91015625,-74427.3190045249,95974.6933928476,94.91015625,16,0,0,-16,0,0,0,0,0,0,0,0,0,0,0,0
1.9669,0,0,0,-2563.8408,0,0,0,0,-418.75390625,-73267.8167420814,262330.828607112,418.75390625,16,0,0,-16,0,0,0,0,0,0,0,0,0,0,0,0
1.97132,0,0,0,-2321.8176,0,0,0,0,-733.28515625,-71160.9162895928,476674.310517802,733.28515625,16,0,0,-16,0,0,0,0,0,0,0,0,0,0,0,0
1.97574,0,0,0,-2051.1724,0,0,0,0,-1035.12890625,-68290.4411764706,649428.758624926,1035.12890625,16,0,0,-16,0,0,0,0,0,0,0,0,0,0,0,0
1.98016,0,0,0,-1755.241,0,0,0,0,-1320.97265625,-64670.5316742081,818984.050285621,1320.97265625,16,0,0,-16,0,0,0,0,0,0,0,0,0,0,0,0
1.98458,0,0,0,-1437.6716,0,0,0,0,-1588.12890625,-60442.5904977376,956547.777482033,1588.12890625,16,0,0,-16,0,0,0,0,0,0,0,0,0,0,0,0
1.989,0,0,0,-1102.3794,0,0,0,0,-1834.56640625,-55755.0904977376,1060520.36199095,1834.56640625,14.50390625,-338.482748868778,-76579.8074363752,-14.50390625,0,0,0,0,0,0,0,0,0,0,0,0
1.99342,0,0,0,-753.4975,0,0,0,0,-2057.50390625,-50438.3484162896,1202882.823857,2057.50390625,14.50390625,0,76579.8074363752,-14.50390625,0,0,0,0,0,0,0,0,0,0,0,0
1.99784,0,0,0,-395.32675,0,0,0,0,-2254.39453125,-44545.3902714932,1333248.44904895,2254.39453125,14.50390625,0,0,-14.50390625,0,0,0,0,0,0,0,0,0,0,0,0
2.00226,0,0,0,-32.282623,0,0,0,0,-2423.56640625,-38274.1798642534,1418825.88399091,2423.56640625,14.50390625,0,0,-14.50390625,0,0,0,0,0,0,0,0,0,0,0,0
2.00668,0,0,0,331.15948,0,0,0,0,-2563.55078125,-31670.6730769231,1494006.06048197,2563.55078125,13.7890625,-161.72935520362,-36590.3518560226,-13.7890625,0,0,0,0,0,0,0,0,0,0,0,0
2.0111,0,0,0,690.51923,0,0,0,0,-2673.14453125,-24794.9660633484,1555589.82207572,2673.14453125,13.5390625,-56.5610859728507,23793.7260703098,-13.5390625,0,0,0,0,0,0,0,0,0,0,0,0
2.01552,0,0,0,1041.3665,0,0,0,0,-2751.13671875,-17645.2912895928,1617573.47822526,2751.13671875,12.8984375,-144.93778280543,-19994.7277901763,-12.8984375,0,0,0,0,0,0,0,0,0,0,0,0
2.01994,0,0,0,1379.3762,0,0,0,0,-2796.05859375,-10163.3201357466,1692753.65471632,2796.05859375,12.5078125,-88.3766968325792,12796.6257857128,-12.5078125,0,0,0,0,0,0,0,0,0,0,0,0
2.02436,0,0,0,1700.3816,0,0,0,0,-2806,-2249.18693438914,1790527.87361029,2806,12.1171875,-88.3766968325792,0,-12.1171875,0,0,0,0,0,0,0,0,0,0,0,0
2.02878,0,0,0,2000.4254,0,0,0,0,-2781.16796875,5618.10661764706,1779930.66788149,2781.16796875,12.00390625,-25.629242081448,14196.2567310252,-12.00390625,0,0,0,0,0,0,0,0,0,0,0,0
2.0332,0,0,0,2275.8088,0,0,0,0,-2721.328125,13538.4261877828,1791927.5045556,2721.328125,12.00390625,0,5798.47105915112,-12.00390625,0,0,0,0,0,0,0,0,0,0,0,0
2.03762,0,0,0,2523.1372,0,0,0,0,-2627.50390625,21227.1988122172,1739541.31774534,2627.50390625,12.00390625,0,0,-12.00390625,0,0,0,0,0,0,0,0,0,0,0,0
2.04204,0,0,0,2739.3613,0,0,0,0,-2500.46875,28740.9855769231,1699951.75672079,2500.46875,12.00390625,0,0,-12.00390625,0,0,0,0,0,0,0,0,0,0,0,0
2.04646,0,0,0,2921.8157,0,0,0,0,-2340.3125,36234.4457013575,1695352.96932905,2340.3125,12.00390625,0,0,-12.00390625,0,0,0,0,0,0,0,0,0,0,0,0
2.05088,0,0,0,3068.251,0,0,0,0,-2148.5,43396.4932126697,1620372.74011589,2148.5,12.00390625,0,0,-12.00390625,0,0,0,0,0,0,0,0,0,0,0,0
2.0553,0,0,0,3176.8625,0,0,0,0,-1927.3125,50042.4208144796,1503603.52982126,1927.3125,12.00390625,0,0,-12.00390625,0,0,0,0,0,0,0,0,0,0,0,0
2.05972,0,0,0,3246.3108,0,0,0,0,-1679.375,56094.4570135747,1369238.95907127,1679.375,12.00390625,0,0,-12.00390625,0,0,0,0,0,0,0,0,0,0,0,0
2.06414,0,0,0,3275.7402,0,0,0,0,-1408.0625,61382.9185520362,1196484.51096415,1408.0625,12.00390625,0,0,-12.00390625,0,0,0,0,0,0,0,0,0,0,0,0
2.06856,0,0,0,3264.7876,0,0,0,0,-1116.90625,65872.4547511312,1015732.17174095,1116.90625,12.00390625,0,0,-12.00390625,0,0,0,0,0,0,0,0,0,0,0,0
2.07298,0,0,0,3213.5879,0,0,0,0,-810.65625,69287.3303167421,772596.281812414,810.65625,12.00390625,0,0,-12.00390625,0,0,0,0,0,0,0,0,0,0,0,0
2.0774,0,0,0,3122.7727,0,0,0,0,-493.1875,71825.5090497738,574248.582133863,493.1875,12.00390625,0,0,-12.00390625,0,0,0,0,0,0,0,0,0,0,0,0
2.08182,0,0,0,2993.4612,0,0,0,0,-169.09375,73324.3778280543,339110.583321388,169.09375,12.00390625,0,0,-12.00390625,0,0,0,0,0,0,0,0,0,0,0,0
2.08624,0,0,0,2827.2476,0,0,0,0,156.6875,73706.165158371,86377.2240535619,-156.6875,12.00390625,0,0,-12.00390625,0,0,0,0,0,0,0,0,0,0,0,0
2.09066,0,0,0,2626.1807,0,0,0,0,480.125,73175.9049773756,-119968.366741059,-480.125,12.00390625,0,0,-12.00390625,0,0,0,0,0,0,0,0,0,0,0,0
2.09508,0,0,0,2392.7395,0,0,0,0,795.8125,71422.5113122172,-396695.399357096,-795.8125,12.00390625,0,0,-12.00390625,0,0,0,0,0,0,0,0,0,0,0,0
2.0995,0,0,0,2129.8018,0,0,0,0,1102.34375,69350.9615384615,-468676.419401733,-1102.34375,13.50390625,339.366515837104,76779.7547142769,-13.50390625,0,0,0,0,0,0,0,0,0,0,0,0
2.10392,0,0,0,1840.6085,0,0,0,0,1396.21875,66487.556561086,-647829.180401712,-1396.21875,13.50390625,0,-76779.7547142769,-13.50390625,0,0,0,0,0,0,0,0,0,0,0,0
2.10834,0,0,0,1528.7252,0,0,0,0,1673.96875,62839.3665158371,-825382.363178476,-1673.96875,13.50390625,0,0,-13.50390625,0,0,0,0,0,0,0,0,0,0,0,0
2.11276,0,0,0,1197.9963,0,0,0,0,1932.5,58491.2330316742,-983740.607276674,-1932.5,14.21875,161.72935520362,36590.3518560226,-14.21875,0,0,0,0,0,0,0,0,0,0,0,0
2.11718,0,0,0,852.49915,0,0,0,0,2169.21875,53556.278280543,-1116505.59980344,-2169.21875,14.56640625,78.6552601809955,-18795.0441227657,-14.56640625,0,0,0,0,0,0,0,0,0,0,0,0
2.1216,0,0,0,496.49265,0,0,0,0,2381.296875,47981.4762443439,-1261267.42900432,-2381.296875,14.9140625,78.6552601809955,0,-14.9140625,0,0,0,0,0,0,0,0,0,0,0,0
2.12602,0,0,0,134.36562,0,0,0,0,2566.375,41872.878959276,-1382035.58485698,-2566.375,15,19.4428733031674,-13396.4676194181,-15,0,0,0,0,0,0,0,0,0,0,0,0
2.13044,0,0,0,-229.4178,0,0,0,0,2722.359375,35290.5825791855,-1489207.32581233,-2722.359375,15,0,-4398.84011383878,-15,0,0,0,0,0,0,0,0,0,0,0,0
2.13486,0,0,0,-590.37305,0,0,0,0,2847.140625,28231.0520361991,-1597178.85587928,-2847.140625,15.09375,21.210407239819,4798.73466964231,-15.09375,0,0,0,0,0,0,0,0,0,0,0,0
2.13928,0,0,0,-944.05048,0,0,0,0,2939.8125,20966.4875565611,-1643566.62435249,-2939.8125,15.2890625,44.1883484162896,5198.62922544583,-15.2890625,0,0,0,0,0,0,0,0,0,0,0,0
2.1437,0,0,0,-1286.09,0,0,0,0,2998.14453125,13197.292138009,-1757736.5200344,-2998.14453125,15.484375,44.1883484162896,0,-15.484375,0,0,0,0,0,0,0,0,0,0,0,0
2.14812,0,0,0,-1612.2751,0,0,0,0,3020.49609375,5056.91459276018,-1841714.37675314,-3020.49609375,15.6796875,44.1883484162896,0,-15.6796875,0,0,0,0,0,0,0,0,0,0,0,0
2.15254,0,0,0,-1918.585,0,0,0,0,3005.28125,-3442.27234162896,-1922892.97158125,-3005.28125,15.875,44.1883484162896,0,-15.875,0,0,0,0,0,0,0,0,0,0,0,0
2.15696,0,0,0,-2201.2432,0,0,0,0,2953.58984375,-11694.8882918552,-1867107.68104666,-2953.58984375,16,28.2805429864253,-3599.05100223173,-16,0,0,0,0,0,0,0,0,0,0,0,0
2.16138,0,0,0,-2456.7654,0,0,0,0,2867.29296875,-19524.1798642534,-1771332.93493172,-2867.29296875,16,0,-6398.31289285641,-16,0,0,0,0,0,0,0,0,0,0,0,0
2.1658,0,0,0,-2682.0017,0,0,0,0,2745.26171875,-27608.8800904977,-1829117.69824533,-2745.26171875,16,0,0,-16,0,0,0,0,0,0,0,0,0,0,0,0
2.17022,0,0,0,-2874.1755,0,0,0,0,2587.33984375,-35728.9309954751,-1837115.5893614,-2587.33984375,16,0,0,-16,0,0,0,0,0,0,0,0,0,0,0,0
2.17464,0,0,0,-3030.9175,0,0,0,0,2396.32421875,-43216.2047511312,-1693953.33838374,-2396.32421875,16,0,0,-16,0,0,0,0,0,0,0,0,0,0,0,0
2.17906,0,0,0,-3150.2959,0,0,0,0,2173.99609375,-50300.4807692308,-1602777.37966053,-2173.99609375,16.0234375,5.30260180995475,1199.68366741058,-16.0234375,0,0,0,0,0,0,0,0,0,0,0,0
2.18348,0,0,0,-3230.8386,0,0,0,0,1924.30859375,-56490.3846153846,-1400430.73442395,-1924.30859375,16.12109375,22.0941742081448,3798.99828013349,-16.12109375,0,0,0,0,0,0,0,0,0,0,0,0
2.1879,0,0,0,-3271.553,0,0,0,0,1651.02734375,-61828.3371040724,-1207681.55852665,-1651.02734375,15.50390625,-139.635180995475,-36590.3518560226,-15.50390625,0,0,0,0,0,0,0,0,0,0,0,0
2.19232,0,0,0,-3271.937,0,0,0,0,1357.24609375,-66466.3461538462,-1049323.31442845,-1357.24609375,15.50390625,0,31591.6699084785,-15.50390625,0,0,0,0,0,0,0,0,0,0,0,0
2.19674,0,0,0,-3231.9858,0,0,0,0,1047.12109375,-70164.0271493213,-836579.410740975,-1047.12109375,15.50390625,0,0,-15.50390625,0,0,0,0,0,0,0,0,0,0,0,0
2.20116,0,0,0,-3152.1924,0,0,0,0,725.52734375,-72758.7669683258,-587045.207919575,-725.52734375,15.50390625,0,0,-15.50390625,0,0,0,0,0,0,0,0,0,0,0,0
2.20558,0,0,0,-3033.54,0,0,0,0,397.5,-74214.3311651584,-329313.166704204,-397.5,15.50390625,0,0,-15.50390625,0,0,0,0,0,0,0,0,0,0,0,0
2.21,0,0,0,-2877.4912,0,0,0,0,68.15234375,-74513.0444004525,-67582.1799307945,-68.15234375,15.50390625,0,0,-15.50390625,0,0,0,0,0,0,0,0,0,0,0,0
2.21442,0,0,0,-2685.9702,0,0,0,0,-258.50390625,-73904.128959276,137763.674474312,258.50390625,15.50390625,0,0,-15.50390625,0,0,0,0,0,0,0,0,0,0,0,0
2.21884,0,0,0,-2461.3376,0,0,0,0,-578.50390625,-72398.1900452489,340710.161544605,578.50390625,15.50390625,0,0,-15.50390625,0,0,0,0,0,0,0,0,0,0,0,0
2.22326,0,0,0,-2206.3628,0,0,0,0,-887.81640625,-69980.2036199095,547055.752339222,887.81640625,15.50390625,0,0,-15.50390625,0,0,0,0,0,0,0,0,0,0,0,0
2.22768,0,0,0,-1924.1887,0,0,0,0,-1182.56640625,-66685.5203619909,745403.452017773,1182.56640625,15.50390625,0,0,-15.50390625,0,0,0,0,0,0,0,0,0,0,0,0
2.2321,0,0,0,-1618.2941,0,0,0,0,-1459.59765625,-62676.7533936652,906960.852562396,1459.59765625,15.50390625,0,0,-15.50390625,0,0,0,0,0,0,0,0,0,0,0,0
2.23652,0,0,0,-1292.4498,0,0,0,0,-1717.16015625,-58272.0588235294,996537.233062386,1717.16015625,15.50390625,0,0,-15.50390625,0,0,0,0,0,0,0,0,0,0,0,0
2.24094,0,0,0,-950.67285,0,0,0,0,-1952.16015625,-53167.4208144796,1154895.47716058,1952.16015625,14.9296875,-129.913744343891,-29392.2498515591,-14.9296875,0,0,0,0,0,0,0,0,0,0,0,0
2.24536,0,0,0,-597.17639,0,0,0,0,-2162.56640625,-47603.2239819004,1258868.0616695,2162.56640625,14.83984375,-20.3266402714932,24793.4624598186,-14.83984375,0,0,0,0,0,0,0,0,0,0,0,0
2.24978,0,0,0,-236.31813,0,0,0,0,-2346.31640625,-41572.3981900452,1364440.22440163,2346.31640625,14.75,-20.3266402714932,0,-14.75,0,0,0,0,0,0,0,0,0,0,0,0
2.2542,0,0,0,127.45333,0,0,0,0,-2500.87890625,-34968.8914027149,1494006.06048197,2500.87890625,13.9765625,-174.985859728507,-34990.7736328085,-13.9765625,0,0,0,0,0,0,0,0,0,0,0,0
2.25862,0,0,0,489.65359,0,0,0,0,-2626.37890625,-28393.665158371,1487607.74758912,2626.37890625,13.70703125,-60.9799208144796,25793.1988493274,-13.70703125,0,0,0,0,0,0,0,0,0,0,0,0
2.26304,0,0,0,845.81763,0,0,0,0,-2720.53515625,-21302.3190045249,1604376.95788374,2720.53515625,13.4375,-60.9799208144796,0,-13.4375,0,0,0,0,0,0,0,0,0,0,0,0
2.26746,0,0,0,1191.5548,0,0,0,0,-2782.4765625,-14013.8928167421,1648965.20085584,2782.4765625,12.8203125,-139.635180995475,-17795.3077332569,-12.8203125,0,0,0,0,0,0,0,0,0,0,0,0
2.27188,0,0,0,1522.6029,0,0,0,0,-2810.11328125,-6252.65130090498,1755936.99453328,2810.11328125,12.44140625,-85.7253959276018,12196.7839520075,-12.44140625,0,0,0,0,0,0,0,0,0,0,0,0
2.2763,0,0,0,1834.8811,0,0,0,0,-2802.31640625,1763.99886877828,1813721.75784689,2802.31640625,12.0625,-85.7253959276018,0,-12.0625,0,0,0,0,0,0,0,0,0,0,0,0
2.28072,0,0,0,2124.5396,0,0,0,0,-2759.9765625,9579.15016968326,1768133.77848529,2759.9765625,12.00390625,-13.2565045248869,16395.6767879446,-12.00390625,0,0,0,0,0,0,0,0,0,0,0,0
2.28514,0,0,0,2388.0078,0,0,0,0,-2683.21875,17366.0209276018,1761735.46559243,2683.21875,12.00390625,0,2999.20916852644,-12.00390625,0,0,0,0,0,0,0,0,0,0,0,0
2.28956,0,0,0,2622.0376,0,0,0,0,-2573.171875,24897.4830316742,1703950.70227882,2573.171875,12.00390625,0,0,-12.00390625,0,0,0,0,0,0,0,0,0,0,0,0
2.29398,0,0,0,2823.7439,0,0,0,0,-2429.390625,32529.6945701357,1726744.69195962,2429.390625,12.00390625,0,0,-12.00390625,0,0,0,0,0,0,0,0,0,0,0,0
2.2984,0,0,0,2990.6404,0,0,0,0,-2253.578125,39776.5837104072,1639567.67879445,2253.578125,12.00390625,0,0,-12.00390625,0,0,0,0,0,0,0,0,0,0,0,0
2.30282,0,0,0,3120.6697,0,0,0,0,-2046.890625,46761.8778280543,1580383.28453553,2046.890625,12.00390625,0,0,-12.00390625,0,0,0,0,0,0,0,0,0,0,0,0
2.30724,0,0,0,3212.2285,0,0,0,0,-1812.125,53114.3947963801,1437221.03355787,1812.125,12.00390625,0,0,-12.00390625,0,0,0,0,0,0,0,0,0,0,0,0
2.31166,0,0,0,3264.1885,0,0,0,0,-1552.28125,58788.1787330317,1283661.52412932,1552.28125,12.00390625,0,0,-12.00390625,0,0,0,0,0,0,0,0,0,0,0,0
2.31608,0,0,0,3275.9087,0,0,0,0,-1271,63638.2918552036,1097310.66112487,1271,12.00390625,0,0,-12.00390625,0,0,0,0,0,0,0,0,0,0,0,0
2.3205,0,0,0,3247.2451,0,0,0,0,-971.875,67675.3393665158,913359.165455254,971.875,12.00390625,0,0,-12.00390625,0,0,0,0,0,0,0,0,0,0,0,0
2.32492,0,0,0,3178.5508,0,0,0,0,-659.46875,70680.1470588235,679820.744865993,659.46875,12.00390625,0,0,-12.00390625,0,0,0,0,0,0,0,0,0,0,0,0
2.32934,0,0,0,3070.6729,0,0,0,0,-338.0625,72716.3461538461,460678.52828566,338.0625,12.00390625,0,0,-12.00390625,0,0,0,0,0,0,0,0,0,0,0,0
2.33376,0,0,0,2924.9407,0,0,0,0,-12.03125,73762.7262443439,236737.577035688,12.03125,12.00390625,0,0,-12.00390625,0,0,0,0,0,0,0,0,0,0,0,0
2.33818,0,0,0,2743.1514,0,0,0,0,313.5,73649.6040723982,-25593.2515714243,-313.5,12.00390625,0,0,-12.00390625,0,0,0,0,0,0,0,0,0,0,0,0
2.3426,0,0,0,2527.5454,0,0,0,0,634,72511.3122171946,-257532.093937472,-634,12.00390625,0,0,-12.00390625,0,0,0,0,0,0,0,0,0,0,0,0
2.34702,0,0,0,2280.781,0,0,0,0,945.5625,70489.2533936652,-457479.37183923,-945.5625,12.00390625,0,0,-12.00390625,0,0,0,0,0,0,0,0,0,0,0,0
2.35144,0,0,0,2005.9001,0,0,0,0,1246.28125,68035.9162895928,-555053.643455294,-1246.28125,13.50390625,339.366515837104,76779.7547142769,-13.50390625,0,0,0,0,0,0,0,0,0,0,0,0
2.35586,0,0,0,1706.2914,0,0,0,0,1532.40625,64734.1628959276,-747003.030240986,-1532.40625,13.50390625,0,-76779.7547142769,-13.50390625,0,0,0,0,0,0,0,0,0,0,0,0
2.36028,0,0,0,1385.6482,0,0,0,0,1800.53125,60661.7647058824,-921357.056571323,-1800.53125,13.50390625,0,0,-13.50390625,0,0,0,0,0,0,0,0,0,0,0,0
2.3647,0,0,0,1047.9233,0,0,0,0,2047.75,55931.8438914027,-1070117.83133023,-2047.75,14.18359375,153.775452488688,34790.8263549067,-14.18359375,0,0,0,0,0,0,0,0,0,0,0,0
2.36912,0,0,0,697.28015,0,0,0,0,2272.5,50848.4162895928,-1150096.74249094,-2272.5,14.4921875,69.8175904977376,-18994.9914006675,-14.4921875,0,0,0,0,0,0,0,0,0,0,0,0
2.37354,0,0,0,338.04114,0,0,0,0,2471.171875,44948.3880090498,-1334848.02727217,-2471.171875,14.796875,68.9338235294118,-199.947277901765,-14.796875,0,0,0,0,0,0,0,0,0,0,0,0
2.37796,0,0,0,-25.365076,0,0,0,0,2642.0625,38663.0373303167,-1422025.04043734,-2642.0625,15,45.9558823529412,-5198.62922544583,-15,0,0,0,0,0,0,0,0,0,0,0,0
2.38238,0,0,0,-388.45859,0,0,0,0,2782.90625,31865.1018099547,-1537994.46162036,-2782.90625,15,0,-10397.2584508917,-15,0,0,0,0,0,0,0,0,0,0,0,0
2.3868,0,0,0,-746.76337,0,0,0,0,2892.3984375,24771.9881221719,-1604776.85243955,-2892.3984375,15.18359375,41.5370475113122,9397.52206138285,-15.18359375,0,0,0,0,0,0,0,0,0,0,0,0
2.39122,0,0,0,-1095.8623,0,0,0,0,2968.609375,17242.2935520362,-1703550.80772302,-2968.609375,15.39453125,47.7234162895928,1399.63094531234,-15.39453125,0,0,0,0,0,0,0,0,0,0,0,0
2.39564,0,0,0,-1431.452,0,0,0,0,3009.90234375,9342.30062217194,-1787328.71716386,-3009.90234375,15.60546875,47.7234162895928,0,-15.60546875,0,0,0,0,0,0,0,0,0,0,0,0
2.40006,0,0,0,-1749.3954,0,0,0,0,3014.25390625,984.516402714932,-1890901.40711697,-3014.25390625,15.8203125,48.6071832579186,199.947277901763,-15.8203125,0,0,0,0,0,0,0,0,0,0,0,0
2.40448,0,0,0,-2045.7729,0,0,0,0,2981.7734375,-7348.52234162896,-1885302.88333572,-2981.7734375,16,40.6532805429864,-1799.52550111587,-16,0,0,0,0,0,0,0,0,0,0,0,0
2.4089,0,0,0,-2316.9309,0,0,0,0,2914.33203125,-15258.2367081448,-1789528.13722078,-2914.33203125,16,0,-9197.57478348109,-16,0,0,0,0,0,0,0,0,0,0,0,0
2.41332,0,0,0,-2559.5271,0,0,0,0,2810.80859375,-23421.5921945701,-1846913.00597858,-2810.80859375,16,0,0,-16,0,0,0,0,0,0,0,0,0,0,0,0
2.41774,0,0,0,-2770.5703,0,0,0,0,2671.40234375,-31539.8755656109,-1836715.69480559,-2671.40234375,16,0,0,-16,0,0,0,0,0,0,0,0,0,0,0,0
2.42216,0,0,0,-2947.459,0,0,0,0,2497.79296875,-39278.1391402715,-1750738.36530783,-2497.79296875,16,0,0,-16,0,0,0,0,0,0,0,0,0,0,0,0
2.42658,0,0,0,-3088.0129,0,0,0,0,2292.08984375,-46539.1685520362,-1642766.83524088,-2292.08984375,16,0,0,-16,0,0,0,0,0,0,0,0,0,0,0,0
2.431,0,0,0,-3190.499,0,0,0,0,2055.62109375,-53499.7171945701,-1574784.76075429,-2055.62109375,16,0,0,-16,0,0,0,0,0,0,0,0,0,0,0,0
2.43542,0,0,0,-3253.6541,0,0,0,0,1794.08984375,-59169.9660633484,-1282861.73501771,-1794.08984375,16,0,0,-16,0,0,0,0,0,0,0,0,0,0,0,0
2.43984,0,0,0,-3276.6992,0,0,0,0,1509.80859375,-64317.0248868778,-1164492.94649987,-1509.80859375,16,0,0,-16,0,0,0,0,0,0,0,0,0,0,0,0
2.44426,0,0,0,-3259.3508,0,0,0,0,1207.12109375,-68481.334841629,-942151.573473106,-1207.12109375,16,0,0,-16,0,0,0,0,0,0,0,0,0,0,0,0
2.44868,0,0,0,-3201.8225,0,0,0,0,890.74609375,-71578.0542986425,-700615.261767777,-890.74609375,16,0,0,-16,0,0,0,0,0,0,0,0,0,0,0,0
2.4531,0,0,0,-3104.8235,0,0,0,0,566.08984375,-73451.6402714932,-423888.229151737,-566.08984375,16,0,0,-16,0,0,0,0,0,0,0,0,0,0,0,0
2.45752,0,0,0,-2969.5496,0,0,0,0,238.37109375,-74144.5135746606,-156758.665874982,-238.37109375,16,0,0,-16,0,0,0,0,0,0,0,0,0,0,0,0
2.46194,0,0,0,-2797.6682,0,0,0,0,-87.56640625,-73741.5158371041,91175.9587232014,87.56640625,16,0,0,-16,0,0,0,0,0,0,0,0,0,0,0,0
2.46636,0,0,0,-2591.2986,0,0,0,0,-408.87890625,-72695.1357466063,236737.577035688,408.87890625,16,0,0,-16,0,0,0,0,0,0,0,0,0,0,0,0
2.47078,0,0,0,-2352.9844,0,0,0,0,-722.22265625,-70892.2511312217,407892.446919598,722.22265625,16,0,0,-16,0,0,0,0,0,0,0,0,0,0,0,0
2.4752,0,0,0,-2085.6636,0,0,0,0,-1023.69140625,-68205.5995475113,607839.724821359,1023.69140625,16,0,0,-16,0,0,0,0,0,0,0,0,0,0,0,0
2.47962,0,0,0,-1792.6316,0,0,0,0,-1309.28515625,-64613.9705882353,812585.737392763,1309.28515625,16,0,0,-16,0,0,0,0,0,0,0,0,0,0,0,0
2.48404,0,0,0,-1477.5009,0,0,0,0,-1576.56640625,-60470.871040724,937352.838803463,1576.56640625,16,0,0,-16,0,0,0,0,0,0,0,0,0,0,0,0
2.48846,0,0,0,-1144.1561,0,0,0,0,-1823.75390625,-55924.7737556561,1028528.79752667,1823.75390625,14.50390625,-338.482748868778,-76579.8074363752,-14.50390625,0,0,0,0,0,0,0,0,0,0,0,0
2.49288,0,0,0,-796.70673,0,0,0,0,-2047.56640625,-50636.3122171946,1196484.51096415,2047.56640625,14.50390625,0,76579.8074363752,-14.50390625,0,0,0,0,0,0,0,0,0,0,0,0
2.4973,0,0,0,-439.43585,0,0,0,0,-2245.83203125,-44856.4762443439,1307655.19747753,2245.83203125,14.50390625,0,0,-14.50390625,0,0,0,0,0,0,0,0,0,0,0,0
